01-04-2024,SAI MEDICAL STORE (NEW),SURAT,6720.00
01-04-2024,SHREE HARI SURGICAL,SURAT,4831.00
01-04-2024,ORTHO SYSTEMS(S),SURAT,2520.00
01-04-2024,SHREE HARI SURGICAL(MOTA VARACHA),SURAT,7129.00
01-04-2024,ANJANI PHARMA,VALSAD,3790.00
01-04-2024,JIGAR MEDICAL & SURGICAL AGENCY,SURAT,8371.00
01-04-2024,VAHANVATI SURGICAL AGENCY,SURAT,1042.00
01-04-2024,HANUMANT CLINIC,SURAT,538.00
02-04-2024,ANJANI PHARMA,VALSAD,2576.00
02-04-2024,MITANSH SURGICAL,SURAT,42488.00
02-04-2024,BHAVANI MEDICARE,SURAT,3980.00
02-04-2024,SURAT SURGICALS,SURAT,6832.00
02-04-2024,PARAM DISTRIBUTORS,SURAT,5329.00
02-04-2024,VRAJHBHOOMI MEDI (SPNNING MILL),SURAT,404.00
02-04-2024,VATSAL CHEMIST,SURAT,1260.00
03-04-2024,LIBBEN MEDI PRODUCTS PVT .LTD.(SALE),SURAT,3129.00
03-04-2024,RAAZ MEDICAL,SURAT,4369.00
03-04-2024,SAI MEDICAL STORE (NEW),SURAT,1142.00
04-04-2024,NITYAM SURGICAL AND COMPANY,SURAT,6008.00
04-04-2024,DEEP PHARMA,ANKLESHWAR,6155.00
04-04-2024,VINAYAK SALES AGENCY,SURAT,1607.00
04-04-2024,ZOTA HEALTH CARE LTD,SURAT,65128.00
04-04-2024,JIGAR MEDICAL & SURGICAL AGENCY,SURAT,666.00
04-04-2024,AUM CLINICAL LABORATORY PANDESARA,SURAT,7280.00
04-04-2024,MITANSH SURGICAL,SURAT,3472.00
04-04-2024,JIGAR MEDICAL & SURGICAL AGENCY,SURAT,6832.00
04-04-2024,RAAZ MEDICAL,SURAT,1312.00
05-04-2024,RAAZ MEDICAL,SURAT,1341.00
05-04-2024,SAI MEDICAL STORE (NEW),SURAT,5804.00
05-04-2024,SHREE KHODIYAR ENTERPRISE,ANAND,22747.00
05-04-2024,GALAXY MEDICO (NEW) S,SURAT,3853.00
06-04-2024,JIGAR MEDICAL & SURGICAL AGENCY,SURAT,9330.00
06-04-2024,KHUSHI MEDICAL AGENCY,SURAT,2191.00
06-04-2024,KAVYA DISTRIBUTORS (S),SURAT,5685.00
06-04-2024,WELLRATE MEDICAL & SURGICAL,SURAT,1803.00
06-04-2024,SHREENATHJI MEDICAL AGENCY,VAPI,4536.00
06-04-2024,SAI SURGICAL(NAVSARI),NAVSARI,3147.00
06-04-2024,GALAXY MEDICO (NEW) S,SURAT,2131.00
06-04-2024,MITANSH SURGICAL,SURAT,392.00
06-04-2024,VIRAJ MEDICAL AGENCY ANKLESHAR,ANKLESHWAR,10596.00
06-04-2024,BALAJI HEALTHCARE,AHEMEDABAD,6216.00
06-04-2024,MAHALAXMI SURGICAL,VYARA,1585.00
08-04-2024,ANJANI PHARMA,VALSAD,2721.00
08-04-2024,UMA AGENCY,SURAT,2554.00
08-04-2024,HANSCURE LIESCIENCE PVT LTD,SURAT,715.00
08-04-2024,KAVYA DISTRIBUTORS (S),SURAT,3472.00
08-04-2024,DIAGNO PHARMA(S),SURAT,12914.00
08-04-2024,HEALTH CORNER,SURAT,694.00
08-04-2024,MAA CHANDRA PHARMA,SURAT,56092.00
09-04-2024,BASIL DISTRIBUTORS,SURAT,20160.00
09-04-2024,MITANSH SURGICAL,SURAT,3024.00
09-04-2024,SHRI MEDICAL AGENCIES,WASHIM,19656.00
09-04-2024,JIGAR MEDICINES,SURAT,1378.00
10-04-2024,ZOTA HEALTH CARE LTD,SURAT,1470.00
10-04-2024,RAAZ MEDICAL,SURAT,1551.00
10-04-2024,UMA AGENCY,SURAT,1915.00
10-04-2024,MITANSH SURGICAL,SURAT,1540.00
10-04-2024,HANUMANT CLINIC,SURAT,512.00
10-04-2024,NITYAM SURGICAL AND COMPANY,SURAT,1001.00
10-04-2024,SAI MEDICAL STORE (NEW),SURAT,11191.00
11-04-2024,BALAJI HEALTHCARE,AHEMEDABAD,31987.00
11-04-2024,MAA CHANDRA PHARMA,SURAT,963.00
12-04-2024,SANJIVANI HOSPITAL,SURAT,18246.00
12-04-2024,SHREE KHODIYAR ENTERPRISE,ANAND,45360.00
13-04-2024,MITANSH SURGICAL,SURAT,2473.00
13-04-2024,SHREE KHODIYAR ENTERPRISE,ANAND,9811.00
13-04-2024,SANJIVANI HOSPITAL,SURAT,5383.00
13-04-2024,SANJIVANI AROGYA TRUST MEDICAL STORE,SURAT,3929.00
13-04-2024,RAAZ MEDICAL,SURAT,1400.00
15-04-2024,SAI MEDICAL STORE (NEW),SURAT,9856.00
15-04-2024,HANUMANT CLINIC,SURAT,896.00
15-04-2024,UMA AGENCY,SURAT,346.00
15-04-2024,SHREE HARI SURGICAL,SURAT,5579.00
15-04-2024,ANJANI PHARMA,VALSAD,7554.00
16-04-2024,SHREE HARI SURGICAL,SURAT,3920.00
16-04-2024,HANSCURE LIESCIENCE PVT LTD,SURAT,6250.00
16-04-2024,SONANI INDUSTRIES PVT.LTD,SURAT,18816.00
17-04-2024,SAI MEDICAL STORE (NEW),SURAT,750.00
17-04-2024,MITANSH SURGICAL,SURAT,5757.00
17-04-2024,SHREE HARI SURGICAL,SURAT,2061.00
17-04-2024,AKSHAR DISTRIBUTORS(SURAT),SURAT,7664.00
17-04-2024,ZOTA HEALTH CARE LTD,SURAT,10920.00
17-04-2024,SAI SURGICAL(NAVSARI),NAVSARI,2453.00
18-04-2024,MEDICLOCK PHARMACY (KAPODRA),SURAT,465.00
18-04-2024,PRANNATH HOSPITAL,SURAT,6384.00
18-04-2024,AMBIX HEALTHCARE LLP,MAHESANA,152410.00
18-04-2024,MITANSH SURGICAL,SURAT,3836.00
18-04-2024,HANUMANT CLINIC,SURAT,722.00
19-04-2024,JIGAR MEDICAL & SURGICAL AGENCY,SURAT,16312.00
19-04-2024,WELLRATE MEDICAL & SURGICAL,SURAT,511.00
19-04-2024,SHREE HARI SURGICAL,SURAT,2222.00
19-04-2024,TVISHA SURGICAL,MAHUVA,11760.00
20-04-2024,MITANSH SURGICAL,SURAT,353.00
20-04-2024,JIGAR MEDICINES,SURAT,5477.00
20-04-2024,NITYAM SURGICAL AND COMPANY,SURAT,2003.00
20-04-2024,SAI MEDICAL STORE (NEW),SURAT,6882.00
20-04-2024,MAA CHANDRA PHARMA,SURAT,15635.00
22-04-2024,KHUSHI MEDICAL AGENCY,SURAT,10819.00
22-04-2024,PUJAN MEDICAL AGENCY,SURAT,1284.00
22-04-2024,HANUMANT CLINIC,SURAT,638.00
22-04-2024,MITANSH SURGICAL,SURAT,4337.00
22-04-2024,UNIQUE MEDICAL AGENCY,LUNAWADA,3916.00
22-04-2024,ZOTA HEALTH CARE LTD,SURAT,18480.00
22-04-2024,SPRAY DRYING AND CHEMICALS PVT LTD,BHARUCH,8512.00
23-04-2024,ZOTA HEALTH CARE LTD,SURAT,36288.00
23-04-2024,DIAGNO PHARMA(S),SURAT,9330.00
24-04-2024,SAI MEDICAL STORE (NEW),SURAT,2598.00
25-04-2024,DR RIDHAM,SURAT,1456.00
25-04-2024,DR RIDHAM,SURAT,1456.00
26-04-2024,DEEP PHARMA,ANKLESHWAR,3380.00
26-04-2024,MAA CHANDRA PHARMA,SURAT,18659.00
26-04-2024,MITANSH SURGICAL,SURAT,264.00
26-04-2024,UMA AGENCY,SURAT,386.00
26-04-2024,SAI MEDICAL STORE (NEW),SURAT,4256.00
26-04-2024,SHREE KRISHNA SURGICAL,SURAT,4032.00
26-04-2024,SHREE KRISHNA SURGICAL,SURAT,1837.00
26-04-2024,ROYAL PHARMACY,SURAT,5830.00
27-04-2024,SHREE KHODIYAR ENTERPRISE,ANAND,17640.00
27-04-2024,UDAY SURGIPHARMA,SURAT,1363.00
27-04-2024,SAI MEDICAL STORE (NEW),SURAT,7952.00
27-04-2024,MAA CHANDRA PHARMA,SURAT,10304.00
29-04-2024,JIGAR MEDICAL & SURGICAL AGENCY,SURAT,10865.00
29-04-2024,SAI MEDICAL STORE (NEW),SURAT,3809.00
29-04-2024,SAI MEDICAL STORE (NEW),SURAT,4256.00
29-04-2024,CONSCIENCE MEDICO,SURAT,1318.00
29-04-2024,NITYAM SURGICAL AND COMPANY,SURAT,10013.00
29-04-2024,ANJANI PHARMA,VALSAD,1554.00
30-04-2024,PUJAN MEDICAL AGENCY,SURAT,1284.00
30-04-2024,PARAM DISTRIBUTORS,SURAT,2176.00
30-04-2024,SHIVGANGA MEDICAL & GENERAL STORE,SURAT,666.00
01-05-2024,GAJANAND PHARMA,AHEMEDABAD,9408.00
01-05-2024,SHREEJI SURGICALS(AHMEDABAD),AHEMEDABAD,10886.00
01-05-2024,NITYAM SURGICAL AND COMPANY,SURAT,30038.00
01-05-2024,KESHAV SURGICAL,SURAT,7330.00
01-05-2024,PARAM DISTRIBUTORS,SURAT,2124.00
01-05-2024,KHUSHI MEDICAL AGENCY,SURAT,11025.00
01-05-2024,JEEN SURGICAL,YAVATMAL,37760.00
01-05-2024,SAI MEDICAL STORE (NEW),SURAT,6384.00
01-05-2024,JEEN SURGICAL,YAVATMAL,170240.00
02-05-2024,WELLRATE MEDICAL & SURGICAL,SURAT,22322.00
03-05-2024,SHREEJI SURGICALS(AHMEDABAD),AHEMEDABAD,18144.00
03-05-2024,DR RIDHAM,SURAT,1008.00
04-05-2024,ANJANI PHARMA,VALSAD,5569.00
04-05-2024,VINAYAK SALES AGENCY,SURAT,9330.00
04-05-2024,UMA AGENCY,SURAT,851.00
04-05-2024,SANJIVANI HOSPITAL,SURAT,24861.00
06-05-2024,AKSHAR DISTRIBUTORS,NAVSARI,20160.00
06-05-2024,MITANSH SURGICAL,SURAT,2710.00
06-05-2024,KAMREJ SURGICAL AGENCY,SURAT,2128.00
06-05-2024,SHRI MEDICAL AGENCIES,WASHIM,19656.00
06-05-2024,SHREE HARI SURGICAL,SURAT,12001.00
06-05-2024,HANUMANT CLINIC,SURAT,2191.00
06-05-2024,SHREE HARI SURGICAL,SURAT,2363.00
06-05-2024,SONANI INDUSTRIES PVT.LTD,SURAT,30106.00
06-05-2024,OM SURGICAL BARDOLI,BARDOLI,3043.00
06-05-2024,DR .RAHUL MOR,VADODRA,5376.00
07-05-2024,HONEST SURGICAL & MEDICINES AGENCIES,SURAT,19219.00
07-05-2024,U K ENTERPRISE,VALSAD,171864.00
07-05-2024,U K ENTERPRISE,VALSAD,263256.00
08-05-2024,NAVKAR AGENCY,SURAT,11693.00
08-05-2024,SHREE HARI SURGICAL,SURAT,2150.00
08-05-2024,UDAY SURGIPHARMA,SURAT,3332.00
08-05-2024,SAI MEDICAL STORE (NEW),SURAT,3466.00
08-05-2024,NUTAN BAKERS,SURAT,5040.00
09-05-2024,JIGAR MEDICINES,SURAT,2250.00
09-05-2024,MITANSH SURGICAL,SURAT,9134.00
09-05-2024,JIGAR MEDICINES,SURAT,12700.00
10-05-2024,KHUSHI MEDICAL AGENCY,SURAT,7627.00
10-05-2024,ANJANI PHARMA,VALSAD,5337.00
10-05-2024,PARAM DISTRIBUTORS,SURAT,4613.00
11-05-2024,JIGAR MEDICAL & SURGICAL AGENCY,SURAT,3741.00
11-05-2024,SAI SURGICAL(NAVSARI),NAVSARI,3024.00
11-05-2024,WELLRATE MEDICAL & SURGICAL,SURAT,5573.00
11-05-2024,ANJANI PHARMA,VALSAD,1930.00
11-05-2024,KHUSHI MEDICAL AGENCY,SURAT,7573.00
11-05-2024,PARSHWA MEDICAL & SURGICAL,SURAT,4973.00
11-05-2024,ANJANI PHARMA,VALSAD,2576.00
11-05-2024,PARAM DISTRIBUTORS,SURAT,349.00
13-05-2024,VASURA MEDICAL AGENCIES(S),SURAT,1165.00
13-05-2024,SAI MEDICAL STORE (NEW),SURAT,11112.00
13-05-2024,ROYAL PHARMACY(CNH),SURAT,1484.00
14-05-2024,HANUMANT CLINIC,SURAT,896.00
14-05-2024,MITANSH SURGICAL,SURAT,3264.00
14-05-2024,JIGAR MEDICAL & SURGICAL AGENCY,SURAT,9330.00
15-05-2024,ANJANI PHARMA,VALSAD,2486.00
16-05-2024,SHREE KHODIYAR ENTERPRISE,ANAND,8960.00
17-05-2024,CONSCIENCE MEDICO,SURAT,1624.00
18-05-2024,SAI MEDICAL STORE (NEW),SURAT,1562.00
18-05-2024,ANJANI PHARMA,VALSAD,1895.00
20-05-2024,JIGAR MEDICINES,SURAT,5310.00
20-05-2024,SHIVGANGA MEDICAL & GENERAL STORE,SURAT,179.00
20-05-2024,SAI MEDICAL STORE (NEW),SURAT,159.00
20-05-2024,MAA CHANDRA PHARMA,SURAT,25482.00
20-05-2024,DIAGNO PHARMA(S),SURAT,3545.00
20-05-2024,PUJAN MEDICAL AGENCY,SURAT,2567.00
20-05-2024,AUM CLINICAL LABORATORY PANDESARA,SURAT,7280.00
20-05-2024,JIGAR MEDICAL & SURGICAL AGENCY,SURAT,8809.00
20-05-2024,SURE SMILE DENTAL & HOMOEOPATHY CARE,SURAT,526.00
21-05-2024,KESHAV SURGICAL,SURAT,1272.00
21-05-2024,KAVYA DISTRIBUTORS (S),SURAT,5208.00
21-05-2024,JIGAR MEDICAL & SURGICAL AGENCY,SURAT,5488.00
21-05-2024,ROYAL PHARMACY(CNH),SURAT,7112.00
21-05-2024,HANUMANT CLINIC,SURAT,2049.00
21-05-2024,SHREE HARI SURGICAL,SURAT,6317.00
22-05-2024,UDAY SURGIPHARMA,SURAT,4388.00
22-05-2024,SHREE HARI SURGICAL,SURAT,3332.00
22-05-2024,SAI MEDICAL STORE (NEW),SURAT,4256.00
22-05-2024,MAA CHANDRA PHARMA,SURAT,18659.00
23-05-2024,HANUMANT CLINIC,SURAT,2538.00
23-05-2024,SONANI INDUSTRIES PVT.LTD,SURAT,18816.00
23-05-2024,DEEP PHARMA,ANKLESHWAR,3302.00
23-05-2024,JIGAR MEDICINES,SURAT,907.00
23-05-2024,JIGAR PHARMACY (NEW),SURAT,3293.00
23-05-2024,CRUZINE HEALTHCARE PRIVATE LIMITED,SURAT,202.00
23-05-2024,SAI MEDICAL STORE (NEW),SURAT,5554.00
23-05-2024,HONEST SURGICAL & MEDICINES AGENCIES,SURAT,1718.00
24-05-2024,SWISS MEDICAL STORES,SURAT,11984.00
25-05-2024,DIAGNO PHARMA(S),SURAT,9330.00
25-05-2024,SHIVGANGA MEDICAL & GENERAL STORE,SURAT,588.00
25-05-2024,KHUSHI MEDICAL AGENCY,SURAT,11514.00
25-05-2024,BHAVANI MEDICARE,SURAT,3084.00
25-05-2024,TVISHA SURGICAL,MAHUVA,10416.00
25-05-2024,JIGAR MEDICINES,SURAT,3629.00
25-05-2024,SANJIVANI HOSPITAL,SURAT,35287.00
25-05-2024,SANJIVANI AROGYA TRUST(HOSPITAL),SURAT,742.00
25-05-2024,SANJIVANI AROGYA TRUST MEDICAL STORE,SURAT,370.00
27-05-2024,PARAM DISTRIBUTORS,SURAT,4972.00
27-05-2024,SHIVGANGA MEDICAL & GENERAL STORE,SURAT,1084.00
27-05-2024,SAI MEDICAL STORE (NEW),SURAT,3629.00
27-05-2024,KAVYA DISTRIBUTORS (S),SURAT,6944.00
27-05-2024,SHREE KHODIYAR ENTERPRISE,ANAND,12152.00
27-05-2024,ZOTA HEALTH CARE LTD,SURAT,20160.00
28-05-2024,JIGAR MEDICAL & SURGICAL AGENCY,SURAT,4682.00
28-05-2024,SAI SURGICAL(NAVSARI),NAVSARI,1467.00
28-05-2024,BHAVANI MEDICARE,SURAT,2912.00
28-05-2024,PARAM DISTRIBUTORS,SURAT,1807.00
28-05-2024,SAI MEDICAL STORE (NEW),SURAT,12042.00
29-05-2024,JIGAR MEDICAL & SURGICAL AGENCY,SURAT,12421.00
29-05-2024,MAA CHANDRA PHARMA,SURAT,50383.00
29-05-2024,KESHAV SURGICAL,SURAT,4122.00
29-05-2024,ZOTA HEALTH CARE LTD,SURAT,38920.00
29-05-2024,SAI MEDICAL STORE (NEW),SURAT,1534.00
29-05-2024,AUM CLINICAL LABORATORY PANDESARA,SURAT,7280.00
29-05-2024,WELLRATE MEDICAL & SURGICAL,SURAT,11777.00
29-05-2024,MAA CHANDRA PHARMA,SURAT,12096.00
30-05-2024,THE PHARMA & SURGICAL,MORBI,18144.00
30-05-2024,JAYESH MEDICAL AGENCY (SURENDRANAGAR),SURENDRANAGAR,1882.00
01-06-2024,SHRI MEDICAL AGENCIES,WASHIM,19656.00
01-06-2024,SHREE HARI SURGICAL(MOTA VARACHA),SURAT,1532.00
01-06-2024,ZOTA HEALTH CARE LTD,SURAT,93490.00
01-06-2024,SAI SURGICAL(NAVSARI),NAVSARI,4267.00
01-06-2024,DR JIGAR MASUR,SURAT,571.00
01-06-2024,TEXAS MEDICAL STORE,SURAT,1529.00
03-06-2024,DIAGNO PHARMA(S),SURAT,11855.00
03-06-2024,ANJANI PHARMA,VALSAD,13334.00
03-06-2024,NITYAM SURGICAL AND COMPANY,SURAT,30038.00
03-06-2024,PARAM DISTRIBUTORS,SURAT,3948.00
04-06-2024,HONEST SURGICAL & MEDICINES AGENCIES,SURAT,12473.00
04-06-2024,SAI MEDICAL STORE (NEW),SURAT,7702.00
05-06-2024,SAI MEDICAL STORE (NEW),SURAT,4600.00
05-06-2024,JEEN SURGICAL,YAVATMAL,62.00
06-06-2024,MITANSH SURGICAL,SURAT,23708.00
06-06-2024,JAYESH MEDICAL AGENCY (SURENDRANAGAR),SURENDRANAGAR,37632.00
06-06-2024,CONSCIENCE MEDICO,SURAT,1210.00
06-06-2024,NIDAN X-RAY & SONOGRAPHU,SURAT,1792.00
06-06-2024,HANUMANT CLINIC,SURAT,3139.00
07-06-2024,MITANSH SURGICAL,SURAT,3606.00
07-06-2024,TVISHA MEDICAL AND SURGICAL (BHAVNAGAR),BHAVNAGAR,10416.00
07-06-2024,SONANI INDUSTRIES PVT.LTD,SURAT,28594.00
08-06-2024,SHREE KRISHNA SURGICAL,SURAT,6048.00
08-06-2024,HONEST SURGICAL & MEDICINES AGENCIES,SURAT,5964.00
08-06-2024,MAA CHANDRA PHARMA,SURAT,5337.00
08-06-2024,SANJIVANI AROGYA TRUST MEDICAL STORE,SURAT,1450.00
08-06-2024,SANJIVANI HOSPITAL,SURAT,25659.00
08-06-2024,SAI MEDICAL STORE (NEW),SURAT,3645.00
10-06-2024,KHUSHI MEDICAL AGENCY,SURAT,10304.00
10-06-2024,OM SURGICAL BARDOLI,BARDOLI,3474.00
10-06-2024,JIGAR MEDICAL & SURGICAL AGENCY,SURAT,4174.00
10-06-2024,KRISHNA CLINIC AND  NURSING HOME,SURAT,9878.00
10-06-2024,HANUMANT CLINIC,SURAT,430.00
11-06-2024,HONEST SURGICAL & MEDICINES AGENCIES,SURAT,1988.00
11-06-2024,JIGAR MEDICAL & SURGICAL AGENCY,SURAT,2596.00
11-06-2024,SAI MEDICAL STORE (NEW),SURAT,538.00
11-06-2024,HANUMANT CLINIC,SURAT,2307.00
11-06-2024,DHANLAXMI MEDI(UDHNA),SURAT,2307.00
12-06-2024,SANJIVANI HOSPITAL,SURAT,4032.00
12-06-2024,S.K.WEAVING PVT.LTD,SURAT,3304.00
12-06-2024,TOUCH SAFE SURGICAL (S),SURAT,12262.00
12-06-2024,GALAXY MEDICO (NEW) S,SURAT,3790.00
12-06-2024,KHUSHI MEDICAL AGENCY,SURAT,10629.00
12-06-2024,HONEST SURGICAL & MEDICINES AGENCIES,SURAT,115214.00
12-06-2024,HONEST SURGICAL & MEDICINES AGENCIES,SURAT,89307.00
12-06-2024,HANUMANT CLINIC,SURAT,156.00
13-06-2024,HONEST SURGICAL & MEDICINES AGENCIES,SURAT,78355.00
13-06-2024,MAA CHANDRA PHARMA,SURAT,38819.00
13-06-2024,PARAM DISTRIBUTORS,SURAT,1764.00
13-06-2024,ANJANI PHARMA,VALSAD,1236.00
14-06-2024,UDAY SURGIPHARMA,SURAT,1266.00
14-06-2024,JIGAR MEDICINES,SURAT,2554.00
15-06-2024,MITANSH SURGICAL,SURAT,108.00
15-06-2024,KAVYA DISTRIBUTORS (S),SURAT,18278.00
15-06-2024,WELLRATE MEDICAL & SURGICAL,SURAT,25813.00
15-06-2024,SAI MEDICAL STORE (NEW),SURAT,4256.00
15-06-2024,JEEN SURGICAL,YAVATMAL,115500.00
15-06-2024,SAI MEDICAL STORE (NEW),SURAT,1568.00
15-06-2024,MITANSH SURGICAL,SURAT,2789.00
15-06-2024,OM SURGICAL BARDOLI,BARDOLI,448.00
17-06-2024,TOUCH SAFE SURGICAL (S),SURAT,4304.00
18-06-2024,KESHAV SURGICAL,SURAT,2313.00
18-06-2024,CONSCIENCE MEDICO,SURAT,1624.00
18-06-2024,HONEST SURGICAL & MEDICINES AGENCIES,SURAT,8232.00
18-06-2024,JIGAR MEDICAL & SURGICAL AGENCY,SURAT,11390.00
18-06-2024,MEDZONE PHARMA(S),SURAT,65163.00
18-06-2024,SAI MEDICAL STORE (NEW),SURAT,1290.00
18-06-2024,MITANSH SURGICAL,SURAT,4754.00
18-06-2024,HONEST SURGICAL & MEDICINES AGENCIES,SURAT,14784.00
18-06-2024,SAI MEDICAL STORE (NEW),SURAT,2290.00
19-06-2024,JIGAR MEDICINES,SURAT,3237.00
19-06-2024,DIYA PATHOLOGY LABORATERY,SURAT,6098.00
19-06-2024,VIRAJ MEDICAL AGENCY ANKLESHAR,ANKLESHWAR,3332.00
19-06-2024,JEEN SURGICAL,YAVATMAL,40425.00
19-06-2024,VIDHA PHARMACY,SURAT,2072.00
19-06-2024,U K ENTERPRISE,VALSAD,152320.00
20-06-2024,UMA AGENCY,SURAT,1702.00
21-06-2024,SAI MEDICAL STORE (NEW),SURAT,7146.00
21-06-2024,PATEL PHARMA (S),SURAT,1815.00
21-06-2024,SHREE KRISHNA PHARMA(BILIMORA),BILLIMORA,31517.00
21-06-2024,PALOD MEDICO AND SURGICO,SANGAMNER,21504.00
22-06-2024,HANUMANT CLINIC,SURAT,907.00
22-06-2024,SANJIVANI AROGYA TRUST MEDICAL STORE,SURAT,1208.00
22-06-2024,SANJIVANI HOSPITAL,SURAT,15143.00
22-06-2024,TRILOKI MEDICAL STORE,ANKLESHWAR,3332.00
22-06-2024,NIRAMAY MEDICO,NAVSARI,15539.00
22-06-2024,NIRAMAY MEDICO,NAVSARI,27258.00
24-06-2024,UMA AGENCY,SURAT,867.00
24-06-2024,CREATIVE HEALTHCARE,SURAT,1976.00
24-06-2024,PARAM DISTRIBUTORS,SURAT,1272.00
24-06-2024,VIRAJ MEDICAL AGENCY ANKLESHAR,ANKLESHWAR,5998.00
24-06-2024,SHREE NATHJI REMEDIES,VAPI,5208.00
24-06-2024,SAI MEDICAL STORE (NEW),SURAT,1319.00
24-06-2024,HONEST SURGICAL & MEDICINES AGENCIES,SURAT,1988.00
24-06-2024,SHRI MEDICAL AGENCIES,WASHIM,19656.00
24-06-2024,AUM CLINICAL LABORATORY PANDESARA,SURAT,8550.00
24-06-2024,JAYESH SURGICALS,RAJKOT,51408.00
24-06-2024,SAI MEDICAL STORE (NEW),SURAT,1540.00
24-06-2024,ROYAL PHARMACY(CNH),SURAT,1372.00
24-06-2024,UDAY SURGIPHARMA,SURAT,20076.00
24-06-2024,HONEST SURGICAL & MEDICINES AGENCIES,SURAT,805.00
25-06-2024,SHIVGANGA MEDICAL & GENERAL STORE,SURAT,1176.00
25-06-2024,MAA CHANDRA PHARMA,SURAT,9330.00
25-06-2024,JIGAR MEDICINES,SURAT,1109.00
25-06-2024,SAI MEDICAL STORE (NEW),SURAT,3226.00
25-06-2024,SWISS MEDICAL STORES,SURAT,9274.00
25-06-2024,VARDHAMAN ENTERPRISE,VALSAD,10870.00
25-06-2024,ACTIVE PHARMA,SURAT,14280.00
25-06-2024,BHAGWATI MEDICAL AGENCIES,SURAT,6944.00
25-06-2024,NUTAN BAKERS,SURAT,5040.00
25-06-2024,HANUMANT CLINIC,SURAT,212.00
25-06-2024,OM SURGICAL BARDOLI,BARDOLI,24696.00
26-06-2024,SANJIVANI HOSPITAL,SURAT,874.00
26-06-2024,UDAY SURGIPHARMA,SURAT,2751.00
26-06-2024,SHREE HARI SURGICAL,SURAT,10864.00
26-06-2024,PALOD MEDICO AND SURGICO,SANGAMNER,14336.00
26-06-2024,K D PHARMA(NAVSARI),NAVSARI,7616.00
27-06-2024,SHETNA SURGICAL,SURAT,5486.00
27-06-2024,BELIEVE INTERNATIONAL LIMITED,SURAT,32900.00
27-06-2024,ZOTA HEALTH CARE LTD,SURAT,28853.00
27-06-2024,VIDHA PHARMACY,SURAT,3108.00
27-06-2024,TOUCH SAFE SURGICAL (S),SURAT,12454.00
27-06-2024,SAI MEDICAL STORE (NEW),SURAT,5036.00
27-06-2024,MAA CHANDRA PHARMA,SURAT,8400.00
27-06-2024,UNIQUE MEDICAL AGENCY,LUNAWADA,1002.00
27-06-2024,CONSCIENCE MEDICO,SURAT,1624.00
27-06-2024,HONEST SURGICAL & MEDICINES AGENCIES,SURAT,20996.00
28-06-2024,SHIVAM MEDICAL AGENCIES,DHRANGADHRA,15984.00
28-06-2024,MAA CHANDRA PHARMA,SURAT,4865.00
28-06-2024,SONANI INDUSTRIES PVT.LTD,SURAT,18816.00
28-06-2024,ANJANI PHARMA,VALSAD,2576.00
28-06-2024,MAA CHANDRA PHARMA,SURAT,31073.00
29-06-2024,SANJIVANI HOSPITAL,SURAT,-18749.00
29-06-2024,S.K.WEAVING PVT.LTD,SURAT,3634.00
29-06-2024,MITANSH SURGICAL,SURAT,7956.00
29-06-2024,SANJIVANI HOSPITAL,SURAT,10080.00
29-06-2024,WEST INDIA LIFESCIENCE(SALE),AHEMEDABAD,32659.00
29-06-2024,HANUMANT CLINIC,SURAT,71.00
01-07-2024,DEEP PHARMA,ANKLESHWAR,4355.00
01-07-2024,FIND LIFE PHARMACEUTICAL,SURAT,116928.00
01-07-2024,JIGAR MEDICAL & SURGICAL AGENCY,SURAT,3091.00
02-07-2024,SHREE HARI SURGICAL,SURAT,3500.00
03-07-2024,SANJIVANI HOSPITAL,SURAT,-19757.00
03-07-2024,MITANSH SURGICAL,SURAT,13370.00
03-07-2024,WELLRATE MEDICAL & SURGICAL,SURAT,6521.00
03-07-2024,MAA CHANDRA PHARMA,SURAT,26219.00
03-07-2024,BHAVESH SURGICAL (UDHNA),SURAT,11599.00
03-07-2024,VINAYAK SALES AGENCY,SURAT,11390.00
03-07-2024,JIGAR PHARMACY (NEW),SURAT,756.00
03-07-2024,SAI MEDICAL STORE (NEW),SURAT,10640.00
03-07-2024,HONEST SURGICAL & MEDICINES AGENCIES,SURAT,19505.00
04-07-2024,ABHINANDAN PHARMACY,SURAT,84224.00
04-07-2024,HONEST SURGICAL & MEDICINES AGENCIES,SURAT,19219.00
04-07-2024,GENUINE MEDICAL AGENCY,SURAT,1414.00
04-07-2024,MITANSH SURGICAL,SURAT,5268.00
04-07-2024,DEEP PHARMA,ANKLESHWAR,1697.00
05-07-2024,GALAXY MEDICO (NEW) S,SURAT,5677.00
05-07-2024,ZOTA HEALTH CARE LTD,SURAT,10920.00
05-07-2024,LAXMI ENTERPRISES,VADODARA,102368.00
05-07-2024,KRISHANA SURGICAL AGENCY,JUNAGADH,4301.00
06-07-2024,DIAGNO PHARMA(S),SURAT,9330.00
06-07-2024,SAI MEDICAL STORE (NEW),SURAT,5322.00
06-07-2024,DR JIGAR MASUR,SURAT,2218.00
06-07-2024,JIGAR MEDICINES,SURAT,2218.00
06-07-2024,TRILOKI MEDICAL STORE,ANKLESHWAR,29988.00
06-07-2024,HONEST SURGICAL & MEDICINES AGENCIES,SURAT,653222.00
08-07-2024,SAI MEDICAL STORE (NEW),SURAT,3226.00
08-07-2024,VARDHAMAN ENTERPRISE,VALSAD,47376.00
08-07-2024,SAI MEDICAL STORE (NEW),SURAT,2802.00
08-07-2024,VARDHAMAN ENTERPRISE,VALSAD,24500.00
09-07-2024,SAI MEDICAL STORE (NEW),SURAT,1457.00
09-07-2024,A.R.MEDICO(SALE),SURAT,32502.00
09-07-2024,SHREE KHODIYAR ENTERPRISE,ANAND,8506.00
09-07-2024,SHREEJA MEDICAL AGENCY,VYARA,9330.00
09-07-2024,ROYAL PHARMACY(CNH),SURAT,2968.00
09-07-2024,DHANLAXMI MEDI(UDHNA),SURAT,3674.00
09-07-2024,ROYAL PHARMACY(CNH),SURAT,3696.00
10-07-2024,VAHANVATI SURGICAL AGENCY,SURAT,11066.00
10-07-2024,TVISHA SURGICAL,MAHUVA,20384.00
10-07-2024,JIGAR MEDICAL & SURGICAL AGENCY,SURAT,12123.00
10-07-2024,ZOTA HEALTH CARE LTD,SURAT,108819.00
10-07-2024,NITYAM SURGICAL AND COMPANY,SURAT,20026.00
10-07-2024,GARDEE MEDICAL STORES,NAVSARI,5772.00
11-07-2024,GARDEE MEDICAL STORES,NAVSARI,9468.00
11-07-2024,PARAM DISTRIBUTORS,SURAT,5714.00
11-07-2024,JIGAR MEDICINES,SURAT,1378.00
11-07-2024,SAI MEDICAL STORE (NEW),SURAT,2386.00
11-07-2024,RELIEF MEDICAL &SURGICAL,VAPI,1976.00
11-07-2024,ANJANI PHARMA,VALSAD,5410.00
12-07-2024,WELLRATE MEDICAL & SURGICAL,SURAT,3622.00
12-07-2024,ZOTA HEALTH CARE LTD,SURAT,9979.00
12-07-2024,MITANSH SURGICAL,SURAT,2916.00
12-07-2024,SAI MEDICAL STORE (NEW),SURAT,4256.00
12-07-2024,U K ENTERPRISE,VALSAD,715369.00
13-07-2024,MITANSH SURGICAL,SURAT,-4208.00
13-07-2024,SANJIVANI HOSPITAL,SURAT,20787.00
13-07-2024,SANJIVANI AROGYA TRUST(HOSPITAL),SURAT,1800.00
13-07-2024,PARAM DISTRIBUTORS,SURAT,1394.00
13-07-2024,U K ENTERPRISE,VALSAD,152040.00
15-07-2024,KAVYA DISTRIBUTORS (S),SURAT,18278.00
15-07-2024,SAI SURGICAL(NAVSARI),NAVSARI,4470.00
15-07-2024,U K ENTERPRISE,VALSAD,28196.00
15-07-2024,TOUCH SAFE SURGICAL (S),SURAT,1962.00
15-07-2024,MAA CHANDRA PHARMA,SURAT,30517.00
16-07-2024,PARAM DISTRIBUTORS,SURAT,1968.00
16-07-2024,K D PHARMA(NAVSARI),NAVSARI,1904.00
16-07-2024,PUROLIFE PHARMACEUTICALS (S),,535261.00
16-07-2024,TOUCH SAFE SURGICAL (S),SURAT,18288.00
16-07-2024,SAI MEDICAL STORE (NEW),SURAT,1299.00
17-07-2024,SHREE HARI SURGICAL,SURAT,2150.00
17-07-2024,KESHAV SURGICAL,SURAT,3790.00
17-07-2024,SAI MEDICAL STORE (NEW),SURAT,2359.00
17-07-2024,GENUINE MEDICAL AGENCY,SURAT,3074.00
17-07-2024,JIGAR MEDICAL & SURGICAL AGENCY,SURAT,677.00
17-07-2024,PUROLIFE PHARMACEUTICALS (S),,170339.00
17-07-2024,HONEST SURGICAL & MEDICINES AGENCIES,SURAT,2083.00
18-07-2024,JIGAR MEDICINES,SURAT,2250.00
18-07-2024,MAA CHANDRA PHARMA,SURAT,29138.00
18-07-2024,K D PHARMA(NAVSARI),NAVSARI,7616.00
18-07-2024,MAHALAXMI ENTERPRISE,SURAT,5664.00
18-07-2024,PARAM DISTRIBUTORS,SURAT,1879.00
18-07-2024,MANN PHARMA,SURAT,323.00
18-07-2024,KHUSHI MEDICAL AGENCY,SURAT,10819.00
18-07-2024,KESHAV SURGICAL,SURAT,1119.00
18-07-2024,HANUMANT CLINIC,SURAT,1064.00
19-07-2024,GARDEE MEDICAL STORES,NAVSARI,15550.00
19-07-2024,JIGAR MEDICAL & SURGICAL AGENCY,SURAT,6686.00
19-07-2024,MAA CHANDRA PHARMA,SURAT,19992.00
19-07-2024,UMA AGENCY,SURAT,1420.00
19-07-2024,WELLRATE MEDICAL & SURGICAL,SURAT,9996.00
19-07-2024,SHIVGANGA MEDICAL & GENERAL STORE,SURAT,2198.00
19-07-2024,SWISS MEDICAL STORES,SURAT,174720.00
19-07-2024,JIGAR MEDICINES,SURAT,894.00
19-07-2024,SAI MEDICAL STORE (NEW),SURAT,4256.00
19-07-2024,LAHER SURGICARE (SALE),SURAT,7277.00
19-07-2024,ACTIVE PHARMA,SURAT,4637.00
19-07-2024,JAYESH MEDICAL AGENCY (SURENDRANAGAR),SURENDRANAGAR,62048.00
19-07-2024,MAHALAXMI ENTERPRISE,SURAT,20714.00
19-07-2024,ROYAL PHARMACY(CNH),SURAT,2968.00
19-07-2024,TVISHA MEDICAL AND SURGICAL (BHAVNAGAR),BHAVNAGAR,6955.00
20-07-2024,PUJAN MEDICAL AGENCY,SURAT,1284.00
20-07-2024,SANJIVANI HOSPITAL,SURAT,2309.00
20-07-2024,SANJIVANI AROGYA TRUST MEDICAL STORE,SURAT,1180.00
20-07-2024,SHANTI MEDICARE,SURAT,9419.00
20-07-2024,JIGAR MEDICAL & SURGICAL AGENCY,SURAT,2061.00
20-07-2024,AUM CLINICAL LABORATORY PANDESARA,SURAT,7280.00
22-07-2024,SAI MEDICAL STORE (NEW),SURAT,1534.00
22-07-2024,DIAGNO PHARMA(S),SURAT,6664.00
22-07-2024,SONANI INDUSTRIES PVT.LTD,SURAT,30106.00
22-07-2024,MANN PHARMA,SURAT,3584.00
22-07-2024,BANK OF BARODA EDENA,SURAT,19757.00
22-07-2024,MADHUSUDAN AGENCY,VALSAD,6776.00
22-07-2024,DIAGNO PHARMA(S),SURAT,2128.00
23-07-2024,SAI MEDICAL STORE (NEW),SURAT,392.00
23-07-2024,SHRI MEDICAL AGENCIES,WASHIM,9828.00
23-07-2024,KESHAV SURGICAL,SURAT,1887.00
23-07-2024,SAI MEDICAL STORE (NEW),SURAT,4256.00
23-07-2024,NIDAN X-RAY & SONOGRAPHU,SURAT,3226.00
23-07-2024,SHREEJI SURGICALS(AHMEDABAD),AHEMEDABAD,9072.00
23-07-2024,SAI MEDICAL STORE (NEW),SURAT,1975.00
24-07-2024,ANGEL MEDICAL AGENCY,SURAT,16464.00
24-07-2024,GURUDEV ENTERPRISE,SURAT,8266.00
24-07-2024,PUJAN MEDICAL AGENCY,SURAT,3851.00
24-07-2024,ANJANI PHARMA,VALSAD,8165.00
24-07-2024,SHREE KRISHNA SURGICAL,SURAT,7896.00
24-07-2024,MAA CHANDRA PHARMA,SURAT,18769.00
24-07-2024,GURUDEV ENTERPRISE,SURAT,2373.00
24-07-2024,ANJANI PHARMA,VALSAD,1288.00
25-07-2024,SAI MEDICAL STORE (NEW),SURAT,-4560.00
25-07-2024,HONEST SURGICAL & MEDICINES AGENCIES,SURAT,19219.00
25-07-2024,TVISHA SURGICAL,MAHUVA,19488.00
25-07-2024,INDIA CHEMIST (SALE),NAVSARI,52642.00
25-07-2024,SHREE HARI SURGICAL,SURAT,1736.00
25-07-2024,JIGAR MEDICAL & SURGICAL AGENCY,SURAT,3431.00
25-07-2024,ZOTA HEALTH CARE LTD,SURAT,33600.00
26-07-2024,SONANI INDUSTRIES PVT.LTD,SURAT,45158.00
26-07-2024,SAI MEDICAL STORE (NEW),SURAT,2301.00
26-07-2024,ROYAL PHARMACY(CNH),SURAT,2226.00
26-07-2024,JIGAR MEDICAL & SURGICAL AGENCY,SURAT,9996.00
26-07-2024,TOUCH SAFE SURGICAL (S),SURAT,9509.00
26-07-2024,PARAS HEALTHCARE,SURAT,63168.00
26-07-2024,MADHUSUDAN AGENCY,VALSAD,10416.00
26-07-2024,SHRI MEDICAL AGENCIES,WASHIM,9828.00
26-07-2024,DR RIDHAM,SURAT,2128.00
26-07-2024,SHETNA SURGICAL,SURAT,10716.00
27-07-2024,HOSPITAL CARE,SURAT,9744.00
27-07-2024,KESHAV SURGICAL,SURAT,1949.00
27-07-2024,SAI MEDICAL STORE (NEW),SURAT,1613.00
27-07-2024,SANJIVANI HOSPITAL,SURAT,4704.00
27-07-2024,SANJIVANI AROGYA TRUST MEDICAL STORE,SURAT,495.00
27-07-2024,SAI MEDICAL STORE (NEW),SURAT,2251.00
29-07-2024,JIGAR PHARMACY (NEW),SURAT,2250.00
29-07-2024,DIAGNO PHARMA(S),SURAT,9996.00
29-07-2024,SHREE HARI SURGICAL(MOTA VARACHA),SURAT,1266.00
29-07-2024,CREATIVE HEALTHCARE,SURAT,3951.00
29-07-2024,SWISS MEDICAL STORES,SURAT,9274.00
29-07-2024,ROYAL PHARMACY(CNH),SURAT,1176.00
29-07-2024,JIGAR MEDICINES,SURAT,4704.00
29-07-2024,JIGAR PHARMACY (NEW),SURAT,2313.00
29-07-2024,NIRAMAY MEDICO,NAVSARI,19992.00
29-07-2024,HONEST SURGICAL & MEDICINES AGENCIES,SURAT,21952.00
29-07-2024,SHREE NATHJI REMEDIES,VAPI,15523.00
29-07-2024,SAI MEDICAL STORE (NEW),SURAT,8548.00
29-07-2024,PARAM DISTRIBUTORS,SURAT,5678.00
29-07-2024,HANUMANT CLINIC,SURAT,1260.00
29-07-2024,HANUMANT CLINIC,SURAT,196.00
29-07-2024,HEALTH CARE PHARMA(DONDAICHA),DHULE,4452.00
30-07-2024,ACTIVE PHARMA,SURAT,15872.00
30-07-2024,SHREE HARI SURGICAL,SURAT,2755.00
30-07-2024,PARAM DISTRIBUTORS,SURAT,1450.00
30-07-2024,DEEP PHARMA,ANKLESHWAR,4690.00
30-07-2024,UDAY SURGIPHARMA,SURAT,9996.00
30-07-2024,SAI MEDICAL STORE (NEW),SURAT,1379.00
31-07-2024,MAA CHANDRA PHARMA,SURAT,33141.00
31-07-2024,UMA AGENCY,SURAT,15624.00
31-07-2024,HONEST SURGICAL & MEDICINES AGENCIES,SURAT,3339.00
31-07-2024,WELLRATE MEDICAL & SURGICAL,SURAT,4939.00
31-07-2024,UDAY SURGIPHARMA,SURAT,9996.00
31-07-2024,NATIONAL MEDICAL,SURAT,899.00
31-07-2024,AUM CLINICAL LABORATORY UDHNA,SURAT,7280.00
31-07-2024,MAA CHANDRA PHARMA,SURAT,21630.00
01-08-2024,PATEL PHARMA (S),SURAT,9475.00
01-08-2024,ANJANI PHARMA,VALSAD,7213.00
01-08-2024,SAI MEDICAL STORE (NEW),SURAT,4256.00
01-08-2024,HONEST SURGICAL & MEDICINES AGENCIES,SURAT,33390.00
01-08-2024,SHREE KHODIYAR ENTERPRISE,ANAND,28000.00
01-08-2024,KESHAV SURGICAL,SURAT,1132.00
01-08-2024,HONEST SURGICAL & MEDICINES AGENCIES,SURAT,10559.00
02-08-2024,RAAZ MEDICAL,SURAT,-445.00
02-08-2024,PATRIOT PHARMA (S),ANKLESHWAR,332452.00
02-08-2024,JIGAR MEDICAL & SURGICAL AGENCY,SURAT,3091.00
02-08-2024,JIGAR MEDICINES,SURAT,2554.00
02-08-2024,RUDRA SURGICAL,SURAT,6586.00
02-08-2024,TOUCH SAFE SURGICAL (S),SURAT,7067.00
02-08-2024,MADHUSUDAN AGENCY,VALSAD,17360.00
02-08-2024,BHAVESH SURGICAL (UDHNA),SURAT,5543.00
02-08-2024,DR JIGAR MASUR,SURAT,2598.00
02-08-2024,JIGAR MEDICINES,SURAT,1036.00
03-08-2024,ZOTA HEALTH CARE LTD,SURAT,18984.00
03-08-2024,HANUMANT CLINIC,SURAT,1241.00
03-08-2024,DHANLAXMI MEDI(UDHNA),SURAT,1840.00
03-08-2024,ZOTA HEALTH CARE LTD,SURAT,39060.00
03-08-2024,ZOTA HEALTH CARE LTD,SURAT,88500.00
03-08-2024,SAI MEDICAL STORE (NEW),SURAT,2348.00
03-08-2024,SANJIVANI HOSPITAL,SURAT,27019.00
03-08-2024,SANJIVANI AROGYA TRUST MEDICAL STORE,SURAT,1456.00
03-08-2024,THE PHARMA & SURGICAL,MORBI,18144.00
03-08-2024,SAI MEDICAL STORE (NEW),SURAT,595.00
05-08-2024,DIAGNO PHARMA(S),SURAT,9089.00
05-08-2024,MITANSH SURGICAL,SURAT,1370.00
05-08-2024,GARDEE MEDICAL STORES,NAVSARI,15506.00
05-08-2024,PARAM DISTRIBUTORS,SURAT,1450.00
05-08-2024,ROYAL PHARMACY(CNH),SURAT,2968.00
05-08-2024,DIAGNO PHARMA(S),SURAT,2128.00
05-08-2024,GARDEE MEDICAL STORES,NAVSARI,8432.00
06-08-2024,K D PHARMA(NAVSARI),NAVSARI,9520.00
06-08-2024,GARDEE MEDICAL STORES,NAVSARI,2755.00
06-08-2024,ANJANI PHARMA,VALSAD,1243.00
06-08-2024,SOLAR BIO LIFE (SALE),SURAT,76440.00
06-08-2024,SRIMA SURGICAL(BHAVANAGAR),BHAVNAGAR,50780.00
06-08-2024,JAY AMBE MEDICAL & SURGICAL,SURAT,28206.00
06-08-2024,TOUCH SAFE SURGICAL (S),SURAT,5152.00
07-08-2024,C.K SURGICALS,GODHRA,14336.00
07-08-2024,ZOTA HEALTH CARE LTD,SURAT,16800.00
07-08-2024,HANUMANT CLINIC,SURAT,2789.00
07-08-2024,TOUCH SAFE SURGICAL (S),SURAT,2410.00
07-08-2024,WELLRATE MEDICAL & SURGICAL,SURAT,10847.00
07-08-2024,JIGAR MEDICAL & SURGICAL AGENCY,SURAT,17105.00
07-08-2024,VINAYAK SALES AGENCY,SURAT,9996.00
07-08-2024,KRISHANA SURGICAL AGENCY,JUNAGADH,10154.00
07-08-2024,SAI MEDICAL STORE (NEW),SURAT,12468.00
07-08-2024,HONEST SURGICAL & MEDICINES AGENCIES,SURAT,1890.00
07-08-2024,TOUCH SAFE SURGICAL (S),SURAT,10274.00
07-08-2024,HONEST SURGICAL & MEDICINES AGENCIES,SURAT,5400.00
08-08-2024,GALAXY MEDICO (NEW) S,SURAT,3790.00
08-08-2024,ACTIVE PHARMA,SURAT,11962.00
08-08-2024,MAA CHANDRA PHARMA,SURAT,77775.00
09-08-2024,SHRI MEDICAL AGENCIES,WASHIM,9828.00
09-08-2024,SHREE NATHJI REMEDIES,VAPI,20866.00
09-08-2024,SHREE KHODIYAR ENTERPRISE,ANAND,20608.00
09-08-2024,PARAM DISTRIBUTORS,SURAT,3654.00
09-08-2024,SHREE HARI SURGICAL,SURAT,1736.00
09-08-2024,VAHANVATI SURGICAL AGENCY,SURAT,13468.00
09-08-2024,HANUMANT CLINIC,SURAT,546.00
10-08-2024,UMA AGENCY,SURAT,1277.00
10-08-2024,SAI SURGICAL(NAVSARI),NAVSARI,10304.00
10-08-2024,SHREE HARI SURGICAL(MOTA VARACHA),SURAT,10438.00
10-08-2024,SOLAR BIO LIFE (SALE),SURAT,15400.00
10-08-2024,SWISS MEDICAL STORES,SURAT,17024.00
10-08-2024,AUM CLINICAL LABORATORY PANDESARA,SURAT,1820.00
10-08-2024,SHREE KHODIYAR ENTERPRISE,ANAND,28320.00
10-08-2024,NUTAN BAKERS,SURAT,6720.00
10-08-2024,HANUMANT CLINIC,SURAT,1008.00
10-08-2024,TOUCH SAFE SURGICAL (S),SURAT,4906.00
12-08-2024,TVISHA SURGICAL,MAHUVA,84000.00
12-08-2024,SONANI INDUSTRIES PVT.LTD,SURAT,17672.00
12-08-2024,KESHAV SURGICAL,SURAT,3764.00
12-08-2024,NITYAM SURGICAL AND COMPANY,SURAT,30038.00
12-08-2024,SHREE HARI SURGICAL(MOTA VARACHA),SURAT,2851.00
12-08-2024,NAKSON PHARMA AND SURGIACL,SURAT,17069.00
12-08-2024,SHREE KHODIYAR ENTERPRISE,ANAND,8848.00
12-08-2024,ANJANI PHARMA,VALSAD,9462.00
12-08-2024,PARAS HEALTHCARE,SURAT,62597.00
12-08-2024,K D PHARMA(NAVSARI),NAVSARI,9520.00
12-08-2024,SURBHI SURGICAL,SURAT,6384.00
12-08-2024,HANUMANT CLINIC,SURAT,778.00
12-08-2024,TOUCH SAFE SURGICAL (S),SURAT,8970.00
13-08-2024,SHETNA SURGICAL,SURAT,20412.00
13-08-2024,SHREE HARI SURGICAL,SURAT,9195.00
13-08-2024,KHUSHI MEDICAL AGENCY,SURAT,27987.00
13-08-2024,ROYAL PHARMACY(CNH),SURAT,2366.00
13-08-2024,LAHER SURGICARE (SALE),SURAT,10976.00
13-08-2024,BELIEVE INTERNATIONAL LIMITED,SURAT,31360.00
13-08-2024,SHREE KRISHNA SURGICAL,SURAT,14179.00
13-08-2024,SAI MEDICAL STORE (NEW),SURAT,5006.00
13-08-2024,HONEST SURGICAL & MEDICINES AGENCIES,SURAT,98560.00
14-08-2024,HONEST SURGICAL & MEDICINES AGENCIES,SURAT,30408.00
14-08-2024,SHREE HARI SURGICAL,SURAT,10108.00
14-08-2024,HONEST SURGICAL & MEDICINES AGENCIES,SURAT,23954.00
14-08-2024,TVISHA SURGICAL,MAHUVA,41160.00
15-08-2024,KAVYA DISTRIBUTORS (S),SURAT,18278.00
15-08-2024,MAA CHANDRA PHARMA,SURAT,11581.00
15-08-2024,SAI MEDICAL STORE (NEW),SURAT,1304.00
15-08-2024,DIAGNO PHARMA(S),SURAT,9330.00
15-08-2024,DIAGNO PHARMA(S),SURAT,5208.00
15-08-2024,MAA CHANDRA PHARMA,SURAT,16806.00
15-08-2024,AUM CLINICAL LABORATORY PANDESARA,SURAT,7280.00
16-08-2024,HANUMANT CLINIC,SURAT,1336.00
16-08-2024,MAA CHANDRA PHARMA,SURAT,9996.00
16-08-2024,PAVAN MEDICAL AGENCY(VAPI),VAPI,18659.00
16-08-2024,PAVAN MEDICAL AGENCY(VAPI),VAPI,13104.00
16-08-2024,SRIMA SURGICAL(BHAVANAGAR),BHAVNAGAR,25900.00
16-08-2024,ROYAL PHARMACY(CNH),SURAT,1400.00
16-08-2024,ROYAL PHARMACY(CNH),SURAT,1484.00
16-08-2024,SWISS MEDICAL STORES,SURAT,161280.00
16-08-2024,HANUMANT CLINIC (ADILBHAI),,6356.00
16-08-2024,MAKSON HEALTHCARE (SALE),SURAT,8400.00
16-08-2024,SHANTI MEDICARE,SURAT,57453.00
17-08-2024,MAKSON HEALTHCARE (SALE),SURAT,67200.00
17-08-2024,HARE KRISHNA SURGICARE (SAROLI),SURAT,20745.00
17-08-2024,S.K.WEAVING PVT.LTD,SURAT,16520.00
17-08-2024,SANJIVANI HOSPITAL,SURAT,25400.00
17-08-2024,SAI MEDICAL STORE (NEW),SURAT,3226.00
20-08-2024,JIGAR MEDICINES,SURAT,4500.00
20-08-2024,MITANSH SURGICAL,SURAT,2133.00
20-08-2024,VIRAJ MEDICAL AGENCY ANKLESHAR,ANKLESHWAR,9330.00
20-08-2024,UMA AGENCY,SURAT,1277.00
20-08-2024,WELLRATE MEDICAL & SURGICAL,SURAT,15579.00
20-08-2024,K D PHARMA(NAVSARI),NAVSARI,14683.00
20-08-2024,JIGAR MEDICINES,SURAT,9643.00
20-08-2024,MAA CHANDRA PHARMA,SURAT,11928.00
20-08-2024,SOLAR BIO LIFE (SALE),SURAT,35330.00
20-08-2024,ROYAL PHARMACY(CNH),SURAT,7420.00
20-08-2024,ANJANI PHARMA,VALSAD,2576.00
20-08-2024,ROYAL PHARMACY(CNH),SURAT,1848.00
21-08-2024,HONEST SURGICAL & MEDICINES AGENCIES,SURAT,20624.00
21-08-2024,WELLRATE MEDICAL & SURGICAL,SURAT,672.00
21-08-2024,DEEP PHARMA,ANKLESHWAR,2967.00
21-08-2024,OM SURGICAL BARDOLI,BARDOLI,10707.00
21-08-2024,PADMAVATI SURGICAL,AHEMEDABAD,154392.00
21-08-2024,GARDEE MEDICAL STORES,NAVSARI,26045.00
21-08-2024,JIGAR MEDICAL & SURGICAL AGENCY,SURAT,9330.00
21-08-2024,HANUMANT CLINIC,SURAT,722.00
21-08-2024,DEEP PHARMA,ANKLESHWAR,1814.00
21-08-2024,GARDEE MEDICAL STORES,NAVSARI,10434.00
22-08-2024,KESHAV SURGICAL,SURAT,4519.00
22-08-2024,MANN PHARMA,SURAT,1949.00
22-08-2024,JIGAR MEDICINES,SURAT,739.00
22-08-2024,CREATIVE HEALTHCARE,SURAT,3951.00
22-08-2024,JIGAR MEDICAL & SURGICAL AGENCY,SURAT,3091.00
22-08-2024,UNITY ENTERPRISE,HIMATNAGAR,84000.00
22-08-2024,MADHUSUDAN AGENCY,VALSAD,10416.00
22-08-2024,GREEN LIFE HEALTHCARE(NAVAPURA),AHEMEDABAD,19656.00
24-08-2024,TOUCH SAFE SURGICAL (S),SURAT,4183.00
24-08-2024,DIAGNO PHARMA(S),SURAT,9996.00
24-08-2024,DIAGNO PHARMA(S),SURAT,5208.00
24-08-2024,PARAM DISTRIBUTORS,SURAT,6609.00
24-08-2024,MAA CHANDRA PHARMA,SURAT,19992.00
24-08-2024,SAI MEDICAL STORE (NEW),SURAT,7918.00
24-08-2024,GREEN LIFE HEALTHCARE(NAVAPURA),AHEMEDABAD,19656.00
24-08-2024,NIRAMAY MEDICO,NAVSARI,19992.00
24-08-2024,K D PHARMA(NAVSARI),NAVSARI,4620.00
24-08-2024,TOUCH SAFE SURGICAL (S),SURAT,8240.00
24-08-2024,PARAM DISTRIBUTORS,SURAT,2345.00
24-08-2024,ADVANCED PHARMACY,SURAT,2072.00
24-08-2024,SAI MEDICAL STORE (NEW),SURAT,750.00
26-08-2024,MITANSH SURGICAL,SURAT,10823.00
27-08-2024,HANUMANT CLINIC,SURAT,4257.00
27-08-2024,SAI MEDICAL STORE (NEW),SURAT,403.00
27-08-2024,UMA AGENCY,SURAT,2585.00
27-08-2024,KESHAV SURGICAL,SURAT,3459.00
27-08-2024,ZOTA HEALTH CARE LTD,SURAT,30321.00
27-08-2024,JIGAR PHARMACY (NEW),SURAT,3998.00
27-08-2024,UDAY SURGIPHARMA,SURAT,2450.00
27-08-2024,SHREE HARI SURGICAL,SURAT,5068.00
27-08-2024,NATIONAL MEDICAL STORE(PAVAT PATIYA),SURAT,4872.00
27-08-2024,HANUMANT CLINIC,SURAT,896.00
28-08-2024,MAHARSHI TRADERS,SURAT,32520.00
28-08-2024,SHREEJI SURGICALS(AHMEDABAD),AHEMEDABAD,9072.00
28-08-2024,SRIMA SURGICAL(BHAVANAGAR),BHAVNAGAR,41871.00
28-08-2024,BELIEVE INTERNATIONAL LIMITED,SURAT,33712.00
28-08-2024,CREATIVE HEALTHCARE,SURAT,5927.00
28-08-2024,ZOTA HEALTHCARE LTD(HAZIRA),SURAT,179200.00
28-08-2024,MADHUSUDAN AGENCY,VALSAD,2688.00
28-08-2024,SHREE NATHJI REMEDIES,VAPI,20653.00
28-08-2024,MAA CHANDRA PHARMA,SURAT,11945.00
28-08-2024,DARSHAN TRADERS,SURAT,174.00
28-08-2024,SHREE HARI SURGICAL(MOTA VARACHA),SURAT,2801.00
28-08-2024,TOUCH SAFE SURGICAL (S),SURAT,2890.00
28-08-2024,SHREE HARI SURGICAL,SURAT,5846.00
28-08-2024,ALPHA MEDICARE AND DEVICES PVT.LTD.(S),AHEMEDABAD,1908.00
28-08-2024,HANUMANT CLINIC,SURAT,112.00
28-08-2024,HANUMANT CLINIC,SURAT,1322.00
28-08-2024,SAI MEDICAL STORE (NEW),SURAT,793.00
28-08-2024,DARSHAN TRADERS,SURAT,11543.00
28-08-2024,SAI MEDICAL STORE (NEW),SURAT,790.00
28-08-2024,HANUMANT CLINIC,SURAT,508.00
29-08-2024,PRADHAN MANTRI BHARTIYA JANAUSHADHI KE(N,NAVSARI,2426.00
29-08-2024,KAVYA AGENCY(SAGRAMPURA),SURAT,29478.00
29-08-2024,WELLRATE MEDICAL & SURGICAL,SURAT,773.00
29-08-2024,MITANSH SURGICAL,SURAT,767.00
29-08-2024,HANUMANT CLINIC,SURAT,711.00
29-08-2024,HONEST SURGICAL & MEDICINES AGENCIES,SURAT,24041.00
29-08-2024,WELLRATE MEDICAL & SURGICAL,SURAT,14644.00
29-08-2024,PRADHAN MANTRI BHARTIYA JANAUSHADHI KE(N,NAVSARI,10472.00
29-08-2024,HONEST SURGICAL & MEDICINES AGENCIES,SURAT,47376.00
30-08-2024,PATEL PHARMA (S),SURAT,9077.00
30-08-2024,SONANI INDUSTRIES PVT.LTD,SURAT,22579.00
30-08-2024,SAI MEDICAL STORE (NEW),SURAT,812.00
30-08-2024,MANN PHARMA,SURAT,3584.00
30-08-2024,GREEN LIFE HEALTHCARE(NAVAPURA),AHEMEDABAD,19656.00
30-08-2024,SAI MEDICAL STORE (NEW),SURAT,4256.00
31-08-2024,TOUCH SAFE SURGICAL (S),SURAT,12262.00
31-08-2024,MITANSH SURGICAL,SURAT,677.00
31-08-2024,MITANSH SURGICAL,SURAT,15344.00
31-08-2024,KESHAV SURGICAL,SURAT,3420.00
31-08-2024,KESHAV SURGICAL,SURAT,15400.00
31-08-2024,HONEST SURGICAL & MEDICINES AGENCIES,SURAT,57431.00
31-08-2024,ORANGE HOSPITAL CHEMIST,NAVSARI,4984.00
31-08-2024,HANUMANT CLINIC,SURAT,1631.00
31-08-2024,ROYAL PHARMACY(CNH),SURAT,1232.00
31-08-2024,ROYAL PHARMACY(CNH),SURAT,2162.00
31-08-2024,HONEST SURGICAL & MEDICINES AGENCIES,SURAT,20922.00
31-08-2024,RATNAM PHARMA,ANKLESHWAR,44520.00
31-08-2024,UMA AGENCY,SURAT,2201.00
02-09-2024,JEEN SURGICAL,YAVATMAL,285600.00
02-09-2024,WELLRATE MEDICAL & SURGICAL,SURAT,14162.00
02-09-2024,DIAGNO PHARMA(S),SURAT,9996.00
02-09-2024,PARAM DISTRIBUTORS,SURAT,1813.00
02-09-2024,JIGAR MEDICINES,SURAT,6910.00
02-09-2024,SHREE KRISHNA SURGICAL,SURAT,1837.00
02-09-2024,HANUMANT CLINIC,SURAT,1109.00
02-09-2024,SAI MEDICAL STORE (NEW),SURAT,2406.00
02-09-2024,DEEP PHARMA,ANKLESHWAR,1842.00
02-09-2024,K D PHARMA(NAVSARI),NAVSARI,9520.00
02-09-2024,JIGAR MEDICAL & SURGICAL AGENCY,SURAT,14437.00
02-09-2024,WELLRATE MEDICAL & SURGICAL,SURAT,605.00
02-09-2024,ORTHO SYSTEMS(S),SURAT,11088.00
02-09-2024,SAI MEDICAL STORE (NEW),SURAT,750.00
02-09-2024,JIGAR MEDICINES,SURAT,1540.00
02-09-2024,HANUMANT CLINIC,SURAT,508.00
02-09-2024,DEEP PHARMA,ANKLESHWAR,2890.00
03-09-2024,MEDIPLUS DISTRIBUTORS,ANKLESHWAR,7762.00
03-09-2024,HONEST SURGICAL & MEDICINES AGENCIES,SURAT,16296.00
03-09-2024,MADHUSUDAN AGENCY,VALSAD,20832.00
03-09-2024,U K ENTERPRISE,VALSAD,113465.00
04-09-2024,SAI MEDICAL STORE (NEW),SURAT,1534.00
04-09-2024,UNIQUE MEDICAL AGENCY,LUNAWADA,1949.00
04-09-2024,PRADHAN MANTRI BHARTIYA JANAUSHADHI KE(N,NAVSARI,3209.00
04-09-2024,SAI MEDICAL STORE (NEW),SURAT,1554.00
04-09-2024,SAI MEDICAL STORE (NEW),SURAT,1299.00
04-09-2024,SAI MEDICAL STORE (NEW),SURAT,629.00
04-09-2024,PRADHAN MANTRI BHARTIYA JANAUSHADHI KE(N,NAVSARI,7854.00
05-09-2024,HANUMANT CLINIC,SURAT,431.00
05-09-2024,SHREE KHODIYAR ENTERPRISE,ANAND,24696.00
05-09-2024,K D PHARMA(NAVSARI),NAVSARI,31599.00
05-09-2024,U K ENTERPRISE,VALSAD,29904.00
05-09-2024,AUM CLINICAL LABORATORY PANDESARA,SURAT,5460.00
05-09-2024,PRADHAN MANTRI BHARTIYA JANAUSHADHI KE(N,NAVSARI,1176.00
06-09-2024,ANJANI PHARMA,VALSAD,9106.00
06-09-2024,DIAGNO PHARMA(S),SURAT,13040.00
06-09-2024,DIAGNO PHARMA(S),SURAT,5208.00
06-09-2024,JIGAR MEDICAL & SURGICAL AGENCY,SURAT,717.00
06-09-2024,UNITY ENTERPRISE,HIMATNAGAR,30240.00
06-09-2024,DARSHAN TRADERS,SURAT,4858.00
06-09-2024,TOUCH SAFE SURGICAL (S),SURAT,4614.00
06-09-2024,WELLRATE MEDICAL & SURGICAL,SURAT,4620.00
07-09-2024,WELLRATE MEDICAL & SURGICAL,SURAT,3622.00
07-09-2024,SHETNA SURGICAL,SURAT,24431.00
07-09-2024,SHREE NATHJI REMEDIES,VAPI,81570.00
07-09-2024,SAI MEDICAL STORE (NEW),SURAT,3226.00
07-09-2024,JAYESH MEDICAL AGENCY (SURENDRANAGAR),SURENDRANAGAR,18816.00
07-09-2024,WELLRATE MEDICAL & SURGICAL,SURAT,5236.00
07-09-2024,SAI MEDICAL STORE (NEW),SURAT,4256.00
09-09-2024,SHREE HARI SURGICAL,SURAT,666.00
09-09-2024,ANJANI PHARMA,VALSAD,3136.00
09-09-2024,WELLRATE MEDICAL & SURGICAL,SURAT,4682.00
09-09-2024,TOUCH SAFE SURGICAL (S),SURAT,4823.00
09-09-2024,SAI MEDICAL STORE (NEW),SURAT,6115.00
09-09-2024,K D PHARMA(NAVSARI),NAVSARI,9520.00
09-09-2024,AUM CLINICAL LABORATORY PANDESARA,SURAT,7280.00
09-09-2024,AUM CLINICAL LABORATORY UDHNA,SURAT,7280.00
09-09-2024,HONEST SURGICAL & MEDICINES AGENCIES,SURAT,19219.00
09-09-2024,KESHAV SURGICAL,SURAT,2384.00
09-09-2024,PARAM DISTRIBUTORS,SURAT,5329.00
09-09-2024,UMA AGENCY,SURAT,756.00
09-09-2024,HANUMANT CLINIC,SURAT,1792.00
09-09-2024,SAI MEDICAL STORE (NEW),SURAT,750.00
09-09-2024,NITYAM SURGICAL AND COMPANY,SURAT,13406.00
09-09-2024,HONEST SURGICAL & MEDICINES AGENCIES,SURAT,12852.00
09-09-2024,HONEST SURGICAL & MEDICINES AGENCIES,SURAT,80018.00
10-09-2024,KESHAV SURGICAL,SURAT,543.00
10-09-2024,DR JIGAR MASUR,SURAT,1018.00
10-09-2024,NEW SATI DRUG,ASSAM,1770.00
10-09-2024,PRADHAN MANTRI BHARTIYA JANAUSHADHI KE(N,NAVSARI,1400.00
10-09-2024,U K ENTERPRISE,VALSAD,8706.00
10-09-2024,ROYAL PHARMACY(CNH),SURAT,1831.00
10-09-2024,WELLRATE MEDICAL & SURGICAL,SURAT,19942.00
10-09-2024,PRADHAN MANTRI BHARTIYA JANAUSHADHI KE(N,NAVSARI,2352.00
11-09-2024,JEEN SURGICAL,YAVATMAL,43680.00
11-09-2024,JEEN SURGICAL,YAVATMAL,16800.00
11-09-2024,SHIVDHARA MARKETING,SURAT,3920.00
11-09-2024,JEEN SURGICAL,YAVATMAL,150125.00
11-09-2024,JEEN SURGICAL,YAVATMAL,187656.00
11-09-2024,KESHAV SURGICAL,SURAT,15400.00
11-09-2024,SHREE NATHJI REMEDIES,VAPI,25648.00
11-09-2024,HANUMANT CLINIC,SURAT,784.00
11-09-2024,HANUMANT CLINIC,SURAT,980.00
11-09-2024,DARSHAN TRADERS,SURAT,3007.00
11-09-2024,SAI MEDICAL STORE (NEW),SURAT,2130.00
11-09-2024,PRADHAN MANTRI BHARTIYA JANAUSHADHI KE(N,NAVSARI,18928.00
11-09-2024,HANUMANT CLINIC,SURAT,988.00
12-09-2024,HYPEX MEDICAL DEVICE PRIVATE LIMITED,HIMMATNAGAR,62720.00
12-09-2024,JAYESH MEDICAL AGENCY (SURENDRANAGAR),SURENDRANAGAR,30352.00
12-09-2024,AMBER SURGICAL,SURAT,17360.00
12-09-2024,ZOTA HEALTH CARE LTD,SURAT,45346.00
12-09-2024,CREATIVE HEALTHCARE,SURAT,3951.00
12-09-2024,SHREE KHODIYAR ENTERPRISE,ANAND,17933.00
12-09-2024,MADHUSUDAN AGENCY,VALSAD,14672.00
13-09-2024,MAA CHANDRA PHARMA,SURAT,10416.00
13-09-2024,THE PHARMA & SURGICAL,MORBI,9072.00
13-09-2024,MADHURAM IMAGING CENTER,BHARUCH,4256.00
13-09-2024,MITANSH SURGICAL,SURAT,2968.00
13-09-2024,MAA CHANDRA PHARMA,SURAT,9330.00
13-09-2024,DIAGNO PHARMA(S),SURAT,9330.00
13-09-2024,WELLRATE MEDICAL & SURGICAL,SURAT,4872.00
14-09-2024,TOUCH SAFE SURGICAL (S),SURAT,9330.00
14-09-2024,SWISS MEDICAL STORES,SURAT,1855.00
14-09-2024,KHUSHI MEDICAL AGENCY,SURAT,12262.00
14-09-2024,SAI MEDICAL STORE (NEW),SURAT,840.00
14-09-2024,MAA CHANDRA PHARMA,SURAT,9330.00
14-09-2024,K D PHARMA(NAVSARI),NAVSARI,7762.00
14-09-2024,PRADHAN MANTRI BHARTIYA JANAUSHADHI KE(N,NAVSARI,560.00
14-09-2024,SAI MEDICAL STORE (NEW),SURAT,4851.00
14-09-2024,PRADHAN MANTRI BHARTIYA JANAUSHADHI KE(N,NAVSARI,1344.00
16-09-2024,SUN SURGICAL (S),SURAT,16909.00
16-09-2024,JAY AMBE TRADERS,SURAT,16800.00
16-09-2024,WELLRATE MEDICAL & SURGICAL,SURAT,1436.00
18-09-2024,WELLRATE MEDICAL & SURGICAL,SURAT,9996.00
18-09-2024,GARDEE MEDICAL STORES,NAVSARI,30194.00
18-09-2024,SAI MEDICAL STORE (NEW),SURAT,2558.00
18-09-2024,SHREE HARI SURGICAL,SURAT,6608.00
18-09-2024,JIGAR MEDICINES,SURAT,4402.00
18-09-2024,HANUMANT CLINIC,SURAT,440.00
18-09-2024,GARDEE CHARITABLE HOSPITAL,NAVSARI,6952.00
18-09-2024,NIRAMAY MEDICO,NAVSARI,9996.00
18-09-2024,HADRIANA PRIVAT LIMITED(S),SURAT,526.00
18-09-2024,PARAS HEALTHCARE,SURAT,57602.00
18-09-2024,REMEDIO-ABH HEALTHCARE,SURAT,2100.00
18-09-2024,WELLRATE MEDICAL & SURGICAL,SURAT,16856.00
18-09-2024,GARDEE MEDICAL STORES,NAVSARI,15217.00
18-09-2024,SAI MEDICAL STORE (NEW),SURAT,2759.00
18-09-2024,TOUCH SAFE SURGICAL (S),SURAT,1908.00
18-09-2024,HONEST SURGICAL & MEDICINES AGENCIES,SURAT,5236.00
19-09-2024,DIAGNO PHARMA(S),SURAT,9996.00
19-09-2024,VIRAJ MEDICAL AGENCY ANKLESHAR,ANKLESHWAR,9330.00
19-09-2024,VINAYAK SALES AGENCY,SURAT,9996.00
19-09-2024,SAI SURGICAL(NAVSARI),NAVSARI,15988.00
19-09-2024,KESHAV SURGICAL,SURAT,5378.00
19-09-2024,SAI MEDICAL STORE (NEW),SURAT,4885.00
19-09-2024,HONEST SURGICAL & MEDICINES AGENCIES,SURAT,137771.00
19-09-2024,HONEST SURGICAL & MEDICINES AGENCIES,SURAT,34703.00
19-09-2024,TOUCH SAFE SURGICAL (S),SURAT,9811.00
19-09-2024,WELLRATE MEDICAL & SURGICAL,SURAT,28490.00
20-09-2024,HONEST SURGICAL & MEDICINES AGENCIES,SURAT,7688.00
20-09-2024,SWISS MEDICAL STORES,SURAT,5564.00
20-09-2024,JAYESH MEDICAL AGENCY (SURENDRANAGAR),SURENDRANAGAR,37632.00
20-09-2024,THE PHARMA & SURGICAL,MORBI,9072.00
20-09-2024,SHREEJI SURGICALS(AHMEDABAD),AHEMEDABAD,9072.00
20-09-2024,JIGAR MEDICAL & SURGICAL AGENCY,SURAT,6423.00
20-09-2024,WELLRATE MEDICAL & SURGICAL,SURAT,10416.00
20-09-2024,HYPEX MEDICAL DEVICE PRIVATE LIMITED,HIMMATNAGAR,18816.00
20-09-2024,HI-TECH PHARMA(S),AHEMEDABAD,42000.00
20-09-2024,SAI MEDICAL STORE (NEW),SURAT,1534.00
20-09-2024,REMEDIO-ABH HEALTHCARE,SURAT,1277.00
20-09-2024,PRADHAN MANTRI BHARTIYA JANAUSHADHI KE(N,NAVSARI,9576.00
20-09-2024,K D PHARMA(NAVSARI),NAVSARI,26006.00
20-09-2024,UNIQUE MEDICAL AGENCY,LUNAWADA,5973.00
20-09-2024,HONEST SURGICAL & MEDICINES AGENCIES,SURAT,19040.00
20-09-2024,DARSHAN TRADERS,SURAT,8145.00
20-09-2024,WELLRATE MEDICAL & SURGICAL,SURAT,5236.00
20-09-2024,DIAGNO PHARMA(S),SURAT,2128.00
20-09-2024,WELLRATE MEDICAL & SURGICAL,SURAT,3808.00
20-09-2024,K D PHARMA(NAVSARI),NAVSARI,1792.00
21-09-2024,SHREE HARI SURGICAL(MOTA VARACHA),SURAT,5015.00
21-09-2024,SHRI MEDICAL AGENCIES,WASHIM,9828.00
21-09-2024,PARAM DISTRIBUTORS,SURAT,3088.00
21-09-2024,JEEN SURGICAL,YAVATMAL,1243200.00
21-09-2024,GAJANAND PHARMA,AHEMEDABAD,45696.00
21-09-2024,SWISS MEDICAL STORES,SURAT,4200.00
21-09-2024,SANJIVANI HOSPITAL,SURAT,40691.00
21-09-2024,SANJIVANI AROGYA TRUST(HOSPITAL),SURAT,3350.00
21-09-2024,UMA AGENCY,SURAT,756.00
21-09-2024,K D PHARMA(NAVSARI),NAVSARI,4469.00
21-09-2024,HANUMANT CLINIC,SURAT,1120.00
21-09-2024,U K ENTERPRISE,VALSAD,12852.00
21-09-2024,HANUMANT CLINIC,SURAT,546.00
23-09-2024,HANUMANT CLINIC,SURAT,1092.00
23-09-2024,MADHUSUDAN AGENCY,VALSAD,21700.00
23-09-2024,UNITY ENTERPRISE,HIMATNAGAR,18526.00
23-09-2024,AKSHAR DISTRIBUTORS(SURAT),SURAT,1999.00
23-09-2024,FIND LIFE PHARMACEUTICAL,SURAT,22638.00
23-09-2024,UNITY ENTERPRISE,HIMATNAGAR,84000.00
23-09-2024,SAI MEDICAL STORE (NEW),SURAT,1586.00
23-09-2024,SAI MEDICAL STORE (NEW),SURAT,750.00
23-09-2024,SWISS MEDICAL STORES,SURAT,8324.00
23-09-2024,UMA AGENCY,SURAT,5544.00
24-09-2024,MAA CHANDRA PHARMA,SURAT,53458.00
24-09-2024,UMA AGENCY,SURAT,946.00
24-09-2024,PATRIOT PHARMA (S),ANKLESHWAR,9996.00
24-09-2024,DIAGNO PHARMA(S),SURAT,5331.00
24-09-2024,UDAY SURGIPHARMA,SURAT,1000.00
24-09-2024,JIGAR MEDICAL & SURGICAL AGENCY,SURAT,9996.00
24-09-2024,VAHANVATI SURGICAL AGENCY,SURAT,9996.00
24-09-2024,LEVIAN PHARMACEUTICALS,SURAT,8680.00
24-09-2024,TOUCH SAFE SURGICAL (S),SURAT,9769.00
24-09-2024,JEEN SURGICAL,YAVATMAL,221760.00
24-09-2024,SHREE HARI SURGICAL,SURAT,5219.00
24-09-2024,NOBEL PHARMACY,SURAT,9117.00
24-09-2024,PRADHAN MANTRI BHARTIYA JANAUSHADHI KE(N,NAVSARI,2642.00
24-09-2024,RATNAM PHARMA,ANKLESHWAR,13272.00
25-09-2024,WELLRATE MEDICAL & SURGICAL,SURAT,3022.00
25-09-2024,TOUCH SAFE SURGICAL (S),SURAT,276.00
25-09-2024,HANUMANT CLINIC,SURAT,1064.00
25-09-2024,DHANLAXMI MEDI(UDHNA),SURAT,3541.00
25-09-2024,PRADHAN MANTRI BHARTIYA JANAUSHADHI KE(N,NAVSARI,7168.00
25-09-2024,U K ENTERPRISE,VALSAD,8680.00
25-09-2024,ROYAL PHARMACY(CNH),SURAT,4407.00
25-09-2024,REMEDIO-ABH HEALTHCARE,SURAT,1701.00
25-09-2024,C.K SURGICALS,GODHRA,10304.00
25-09-2024,K D PHARMA(NAVSARI),NAVSARI,30867.00
25-09-2024,DAIVIK HEALTHCARE,SURAT,8680.00
25-09-2024,HANUMANT CLINIC,SURAT,1026.00
25-09-2024,HONEST SURGICAL & MEDICINES AGENCIES,SURAT,10472.00
25-09-2024,ROYAL PHARMACY(CNH),SURAT,4189.00
26-09-2024,DIVYA ENTERPRISE,VALSAD,3078.00
26-09-2024,SONANI INDUSTRIES PVT.LTD,SURAT,7047.00
26-09-2024,UNITY ENTERPRISE,HIMATNAGAR,16800.00
26-09-2024,UMA AGENCY,SURAT,11088.00
26-09-2024,WELLRATE MEDICAL & SURGICAL,SURAT,1848.00
26-09-2024,SAI MEDICAL STORE (NEW),SURAT,4256.00
27-09-2024,UNIQUE MEDICAL AGENCY,LUNAWADA,3826.00
27-09-2024,HANUMANT CLINIC,SURAT,904.00
27-09-2024,KESHAV SURGICAL,SURAT,4201.00
27-09-2024,PRADHAN MANTRI BHARTIYA JANAUSHADHI KE(N,NAVSARI,5432.00
27-09-2024,REMEDIO-ABH HEALTHCARE,SURAT,2744.00
27-09-2024,HANUMANT CLINIC,SURAT,1739.00
27-09-2024,SAI MEDICAL STORE (NEW),SURAT,629.00
27-09-2024,PRADHAN MANTRI BHARTIYA JANAUSHADHI KE(N,NAVSARI,974.00
28-09-2024,MAA CHANDRA PHARMA,SURAT,3165.00
28-09-2024,NIRAMAY MEDICO,NAVSARI,6331.00
28-09-2024,TVISHA SURGICAL,MAHUVA,9744.00
28-09-2024,HONEST SURGICAL & MEDICINES AGENCIES,SURAT,23301.00
28-09-2024,PRADHAN MANTRI BHARTIYA JANAUSHADHI KE(N,NAVSARI,5320.00
28-09-2024,TVISHA SURGICAL,MAHUVA,7043.00
30-09-2024,HONEST SURGICAL & MEDICINES AGENCIES,SURAT,28829.00
30-09-2024,SHREE HARI SURGICAL,SURAT,1736.00
30-09-2024,SAI MEDICAL STORE (NEW),SURAT,2426.00
30-09-2024,JIGAR MEDICINES,SURAT,5264.00
30-09-2024,SHREE NATHJI REMEDIES,VAPI,25760.00
30-09-2024,HONEST SURGICAL & MEDICINES AGENCIES,SURAT,32592.00
30-09-2024,MANN PHARMA,SURAT,3226.00
30-09-2024,HONEST SURGICAL & MEDICINES AGENCIES,SURAT,9044.00
01-10-2024,WELLRATE MEDICAL & SURGICAL,SURAT,757.00
01-10-2024,VIRAJ MEDICAL AGENCY ANKLESHAR,ANKLESHWAR,8512.00
01-10-2024,PATEL PHARMA (S),SURAT,14233.00
01-10-2024,SWISS MEDICAL STORES,SURAT,3709.00
01-10-2024,HADRIANA PRIVAT LIMITED(S),SURAT,4770.00
01-10-2024,K D PHARMA(NAVSARI),NAVSARI,31257.00
01-10-2024,PARAM DISTRIBUTORS,SURAT,7128.00
01-10-2024,SAI MEDICAL STORE (NEW),SURAT,13530.00
01-10-2024,HANUMANT CLINIC,SURAT,896.00
01-10-2024,ANJANI PHARMA,VALSAD,1109.00
01-10-2024,SAI MEDICAL STORE (NEW),SURAT,595.00
01-10-2024,WELLRATE MEDICAL & SURGICAL,SURAT,1848.00
02-10-2024,SHREENATHJI MEDICAL AGENCY,VAPI,5746.00
02-10-2024,NITYAM SURGICAL AND COMPANY,SURAT,30038.00
02-10-2024,DEEP PHARMA,ANKLESHWAR,1844.00
02-10-2024,DIAGNO PHARMA(S),SURAT,9996.00
02-10-2024,DIAGNO PHARMA(S),SURAT,8400.00
02-10-2024,C.K SURGICALS,GODHRA,10304.00
02-10-2024,MAA CHANDRA PHARMA,SURAT,25609.00
02-10-2024,JIGAR MEDICINES,SURAT,4379.00
02-10-2024,AUM CLINICAL LABORATORY PANDESARA,SURAT,7280.00
02-10-2024,SAI MEDICAL STORE (NEW),SURAT,5757.00
02-10-2024,DEEP PHARMA,ANKLESHWAR,2890.00
02-10-2024,MAA CHANDRA PHARMA,SURAT,1512.00
03-10-2024,KHUSHI MEDICAL AGENCY,SURAT,10091.00
03-10-2024,MAA CHANDRA PHARMA,SURAT,9240.00
03-10-2024,UDAY SURGIPHARMA,SURAT,2150.00
04-10-2024,NIRAMAY MEDICO,NAVSARI,9996.00
04-10-2024,SAI MEDICAL STORE (NEW),SURAT,4415.00
04-10-2024,REMEDIO-ABH HEALTHCARE,SURAT,3192.00
04-10-2024,SHREE KHODIYAR ENTERPRISE,ANAND,8848.00
04-10-2024,REMEDIO-ABH HEALTHCARE,SURAT,2649.00
04-10-2024,GREEN LIFE HEALTHCARE(NAVAPURA),AHEMEDABAD,122259.00
04-10-2024,SAI MEDICAL STORE (NEW),SURAT,2598.00
04-10-2024,HONEST SURGICAL & MEDICINES AGENCIES,SURAT,14028.00
04-10-2024,WELLRATE MEDICAL & SURGICAL,SURAT,14638.00
05-10-2024,NIRAMAY MEDICO,NAVSARI,3175.00
05-10-2024,SHREE KHODIYAR ENTERPRISE,ANAND,12936.00
05-10-2024,K D PHARMA(NAVSARI),NAVSARI,2864.00
05-10-2024,KHODIYAR PHARMA(RAJKOT),RAJKOT,9996.00
07-10-2024,ZOTA HEALTH CARE LTD,SURAT,37309.00
07-10-2024,SHREEJI SURGICALS(AHMEDABAD),AHEMEDABAD,9072.00
07-10-2024,JIGAR MEDICAL & SURGICAL AGENCY,SURAT,7090.00
07-10-2024,ANGEL MEDICAL AGENCY,SURAT,16968.00
07-10-2024,AKSHAR DISTRIBUTORS(SURAT),SURAT,1999.00
07-10-2024,PRADHAN MANTRI BHARTIYA JANAUSHADHI KE(N,NAVSARI,2352.00
07-10-2024,HONEST SURGICAL & MEDICINES AGENCIES,SURAT,12166.00
08-10-2024,HANUMANT CLINIC,SURAT,2008.00
08-10-2024,TOUCH SAFE SURGICAL (S),SURAT,3494.00
08-10-2024,SHREE HARI SURGICAL,SURAT,5320.00
08-10-2024,SAI MEDICAL STORE (NEW),SURAT,5608.00
08-10-2024,SHREE HARI SURGICAL,SURAT,4827.00
08-10-2024,SHREE HARI SURGICAL(MOTA VARACHA),SURAT,1519.00
08-10-2024,JAANVI ENTERPRISE,VADODARA,37390.00
08-10-2024,HANUMANT CLINIC,SURAT,988.00
08-10-2024,SAI MEDICAL STORE (NEW),SURAT,5757.00
09-10-2024,KESHAV SURGICAL,SURAT,3790.00
09-10-2024,SHREE HARI SURGICAL(MOTA VARACHA),SURAT,3276.00
09-10-2024,RATNAM PHARMA,ANKLESHWAR,22120.00
09-10-2024,PRADHAN MANTRI BHARTIYA JANAUSHADHI KE(N,NAVSARI,18928.00
09-10-2024,TOUCH SAFE SURGICAL (S),SURAT,1452.00
09-10-2024,WELLRATE MEDICAL & SURGICAL,SURAT,6261.00
09-10-2024,AMBER SURGICAL,SURAT,35504.00
09-10-2024,UDAY SURGIPHARMA,SURAT,2773.00
09-10-2024,TOUCH SAFE SURGICAL (S),SURAT,4165.00
10-10-2024,KAVYA DISTRIBUTORS (S),SURAT,9139.00
10-10-2024,SHREE SWAMINARAYAN MANAV SEVA TRUST,SURAT,1081.00
10-10-2024,ASIAN DRUGS AND PHARMA,NAVSARI,3360.00
10-10-2024,PRADHAN MANTRI BHARTIYA JANAUSHADHI KE(N,NAVSARI,1295.00
10-10-2024,K D PHARMA(NAVSARI),NAVSARI,19557.00
10-10-2024,MAA CHANDRA PHARMA,SURAT,111292.00
10-10-2024,JIGAR MEDICAL & SURGICAL AGENCY,SURAT,12421.00
10-10-2024,DIAGNO PHARMA(S),SURAT,9330.00
10-10-2024,ANJANI PHARMA,VALSAD,1243.00
10-10-2024,PUJAN MEDICAL AGENCY,SURAT,1284.00
10-10-2024,NIRAMAY MEDICO,NAVSARI,9330.00
10-10-2024,SHREE VIGHNHARTHA MEDICAL AND  GENRAL ST,PUNE,17357.00
10-10-2024,SAI MEDICAL STORE (NEW),SURAT,672.00
11-10-2024,MITANSH SURGICAL,SURAT,10707.00
11-10-2024,SAI MEDICAL STORE (NEW),SURAT,1290.00
11-10-2024,DIAGNO PHARMA(S),SURAT,2226.00
11-10-2024,HONEST SURGICAL & MEDICINES AGENCIES,SURAT,18716.00
11-10-2024,SAI MEDICAL STORE (NEW),SURAT,595.00
12-10-2024,SWISS MEDICAL STORES,SURAT,9274.00
12-10-2024,SWISS MEDICAL STORES,SURAT,1593.00
12-10-2024,ACTIVE PHARMA,SURAT,11962.00
12-10-2024,JIGAR MEDICINES,SURAT,4004.00
12-10-2024,JIGAR PHARMACY (NEW),SURAT,2792.00
12-10-2024,HANUMANT CLINIC,SURAT,636.00
12-10-2024,KESHAV SURGICAL,SURAT,4150.00
12-10-2024,SHREE HARI SURGICAL,SURAT,1400.00
12-10-2024,ANJANI PHARMA,VALSAD,2076.00
12-10-2024,REMEDIO-ABH HEALTHCARE,SURAT,2688.00
12-10-2024,SAI MEDICAL STORE (NEW),SURAT,790.00
14-10-2024,WELLRATE MEDICAL & SURGICAL,SURAT,4334.00
14-10-2024,PUJAN MEDICAL AGENCY,SURAT,1284.00
14-10-2024,JAY AMBE TRADERS,SURAT,36800.00
14-10-2024,K D PHARMA(NAVSARI),NAVSARI,4620.00
14-10-2024,SWISS MEDICAL STORES,SURAT,17696.00
14-10-2024,SHREE HARI SURGICAL,SURAT,3360.00
14-10-2024,SHREEJA MEDICAL AGENCY,VYARA,9330.00
14-10-2024,ROYAL PHARMACY,SURAT,2464.00
14-10-2024,HARE KRISHNA SURGICARE (SAROLI),SURAT,20745.00
14-10-2024,SAI MEDICAL STORE (NEW),SURAT,3226.00
14-10-2024,MAA CHANDRA PHARMA,SURAT,12889.00
14-10-2024,WELLRATE MEDICAL & SURGICAL,SURAT,22708.00
14-10-2024,HONEST SURGICAL & MEDICINES AGENCIES,SURAT,8152.00
15-10-2024,SAI SURGICAL(NAVSARI),NAVSARI,8915.00
15-10-2024,GARDEE MEDICAL STORES,NAVSARI,32576.00
15-10-2024,SHREE KRISHNA SURGICAL,SURAT,4032.00
15-10-2024,ZOTA HEALTH CARE LTD,SURAT,180540.00
15-10-2024,PRADHAN MANTRI BHARTIYA JANAUSHADHI KE(N,NAVSARI,2352.00
15-10-2024,GARDEE MEDICAL STORES,NAVSARI,15147.00
16-10-2024,SWISS MEDICAL STORES,SURAT,4424.00
16-10-2024,CREATIVE HEALTHCARE,SURAT,3951.00
16-10-2024,JIGAR MEDICINES,SURAT,812.00
16-10-2024,MAA CHANDRA PHARMA,SURAT,9330.00
16-10-2024,VIRAJ MEDICAL AGENCY ANKLESHAR,ANKLESHWAR,9996.00
16-10-2024,HONEST SURGICAL & MEDICINES AGENCIES,SURAT,19219.00
16-10-2024,SHREE KHODIYAR ENTERPRISE,ANAND,12348.00
16-10-2024,ORTHO SYSTEMS(S),SURAT,3528.00
16-10-2024,HANUMANT CLINIC,SURAT,1579.00
16-10-2024,K D PHARMA(NAVSARI),NAVSARI,3987.00
16-10-2024,SAI MEDICAL STORE (NEW),SURAT,5006.00
16-10-2024,HONEST SURGICAL & MEDICINES AGENCIES,SURAT,780.00
16-10-2024,HANUMANT CLINIC,SURAT,613.00
17-10-2024,PRADHAN MANTRI BHARTIYA JANAUSHADHI KE(N,NAVSARI,1005.00
17-10-2024,SAI MEDICAL STORE (NEW),SURAT,1568.00
17-10-2024,MEDZONE PHARMA(S),SURAT,9240.00
17-10-2024,PARAM DISTRIBUTORS,SURAT,5750.00
17-10-2024,UMA AGENCY,SURAT,930.00
17-10-2024,THE PHARMA & SURGICAL,MORBI,9330.00
17-10-2024,HANUMANT CLINIC,SURAT,980.00
17-10-2024,SAI MEDICAL STORE (NEW),SURAT,750.00
17-10-2024,HONEST SURGICAL & MEDICINES AGENCIES,SURAT,783185.00
17-10-2024,GENUINE MEDICAL AGENCY,SURAT,3374.00
18-10-2024,WELLRATE MEDICAL & SURGICAL,SURAT,10069.00
18-10-2024,JAYESH MEDICAL AGENCY (SURENDRANAGAR),SURENDRANAGAR,51408.00
18-10-2024,ROYAL PHARMACY(CNH),SURAT,2366.00
18-10-2024,NIDAN X-RAY & SONOGRAPHU,SURAT,3360.00
18-10-2024,SAI MEDICAL STORE (NEW),SURAT,750.00
18-10-2024,WELLRATE MEDICAL & SURGICAL,SURAT,4385.00
18-10-2024,HONEST SURGICAL & MEDICINES AGENCIES,SURAT,14364.00
18-10-2024,ROYAL PHARMACY(CNH),SURAT,1484.00
19-10-2024,MAA CHANDRA PHARMA,SURAT,9330.00
19-10-2024,SANJIVANI HOSPITAL,SURAT,41163.00
19-10-2024,SANJIVANI AROGYA TRUST(HOSPITAL),SURAT,1841.00
19-10-2024,TOUCH SAFE SURGICAL (S),SURAT,2112.00
19-10-2024,HANUMANT CLINIC,SURAT,1395.00
19-10-2024,VINAYAK SALES AGENCY,SURAT,9330.00
19-10-2024,SAI MEDICAL STORE (NEW),SURAT,672.00
19-10-2024,TOUCH SAFE SURGICAL (S),SURAT,9520.00
21-10-2024,HANUMANT CLINIC,SURAT,1142.00
21-10-2024,AKSHAR DISTRIBUTORS(SURAT),SURAT,3385.00
21-10-2024,PARAM DISTRIBUTORS,SURAT,524.00
21-10-2024,GREEN LIFE HEALTHCARE(NAVAPURA),AHEMEDABAD,61690.00
21-10-2024,SHREE HARI SURGICAL,SURAT,336.00
21-10-2024,PAVAN MEDICAL AGENCY(VAPI),VAPI,15725.00
21-10-2024,UDAY SURGIPHARMA,SURAT,2450.00
21-10-2024,SAI MEDICAL STORE (NEW),SURAT,21280.00
22-10-2024,SHREE HARI SURGICAL,SURAT,5846.00
22-10-2024,SHREE HARI SURGICAL,SURAT,4032.00
22-10-2024,SHETNA SURGICAL,SURAT,10716.00
22-10-2024,DIAGNO PHARMA(S),SURAT,7830.00
22-10-2024,KESHAV SURGICAL,SURAT,2313.00
22-10-2024,KHUSHI MEDICAL AGENCY,SURAT,21123.00
22-10-2024,DIAGNO PHARMA(S),SURAT,5208.00
22-10-2024,REMEDIO-ABH HEALTHCARE,SURAT,2150.00
22-10-2024,AUM CLINICAL LABORATORY PANDESARA,SURAT,7280.00
22-10-2024,SAI MEDICAL STORE (NEW),SURAT,5322.00
22-10-2024,ANJANI PHARMA,VALSAD,15658.00
22-10-2024,PRADHAN MANTRI BHARTIYA JANAUSHADHI KE(N,NAVSARI,7098.00
22-10-2024,ANJANI PHARMA,VALSAD,2576.00
23-10-2024,THE PHARMA & SURGICAL,MORBI,9072.00
23-10-2024,TOUCH SAFE SURGICAL (S),SURAT,1089.00
23-10-2024,VIRAJ MEDICAL AGENCY ANKLESHAR,ANKLESHWAR,11278.00
23-10-2024,PUJAN MEDICAL AGENCY,SURAT,1284.00
23-10-2024,KAVYA AGENCY(SAGRAMPURA),SURAT,47219.00
23-10-2024,JIGAR MEDICINES,SURAT,4850.00
23-10-2024,PAVAN MEDICAL AGENCY(VAPI),VAPI,27989.00
23-10-2024,SHREE KHODIYAR ENTERPRISE,ANAND,18032.00
23-10-2024,SAI MEDICAL STORE (NEW),SURAT,1982.00
23-10-2024,MAA CHANDRA PHARMA,SURAT,9733.00
23-10-2024,SAI MEDICAL STORE (NEW),SURAT,595.00
24-10-2024,JIGAR MEDICAL & SURGICAL AGENCY,SURAT,14045.00
24-10-2024,ANJANI PHARMA,VALSAD,1190.00
24-10-2024,HANUMANT CLINIC,SURAT,1327.00
24-10-2024,SWISS MEDICAL STORES,SURAT,9274.00
24-10-2024,HEALTH CORNER,SURAT,980.00
24-10-2024,SHREE HARI SURGICAL,SURAT,2061.00
24-10-2024,AUM CLINICAL LABORATORY UDHNA,SURAT,7280.00
24-10-2024,MITANSH SURGICAL,SURAT,5167.00
25-10-2024,SAI MEDICAL STORE (NEW),SURAT,13048.00
25-10-2024,MADHUSUDAN AGENCY,VALSAD,18368.00
25-10-2024,KAVYA DISTRIBUTORS (S),SURAT,9139.00
25-10-2024,K D PHARMA(NAVSARI),NAVSARI,23390.00
25-10-2024,MEDIPLUS DISTRIBUTORS,ANKLESHWAR,11088.00
25-10-2024,SAI MEDICAL STORE (NEW),SURAT,3752.00
26-10-2024,HONEST SURGICAL & MEDICINES AGENCIES,SURAT,19219.00
26-10-2024,SAI SURGICAL(NAVSARI),NAVSARI,5324.00
26-10-2024,AUM CLINICAL LABORATORY PANDESARA,SURAT,2856.00
26-10-2024,SAI MEDICAL STORE (NEW),SURAT,1568.00
26-10-2024,REMEDIO-ABH HEALTHCARE,SURAT,3545.00
26-10-2024,NIRAMAY MEDICO,NAVSARI,5481.00
26-10-2024,DAIVIK HEALTHCARE,SURAT,21504.00
28-10-2024,ZOTA HEALTH CARE LTD,SURAT,127680.00
28-10-2024,SWISS MEDICAL STORES,SURAT,176960.00
28-10-2024,KRISHANA SURGICAL AGENCY,JUNAGADH,5998.00
28-10-2024,K D PHARMA(NAVSARI),NAVSARI,8001.00
29-10-2024,MITANSH SURGICAL,SURAT,1882.00
29-10-2024,BIO-TECH DISTRIBUTORS,SURAT,1949.00
29-10-2024,SAI MEDICAL STORE (NEW),SURAT,11706.00
29-10-2024,SAI MEDICAL STORE (NEW),SURAT,25536.00
29-10-2024,PRADHAN MANTRI BHARTIYA JANAUSHADHI KE(N,NAVSARI,11830.00
30-10-2024,WELLRATE MEDICAL & SURGICAL,SURAT,10895.00
30-10-2024,SWISS MEDICAL STORES,SURAT,5564.00
30-10-2024,KHUSHI MEDICAL AGENCY,SURAT,6557.00
30-10-2024,TOUCH SAFE SURGICAL (S),SURAT,1016.00
30-10-2024,JIGAR MEDICINES,SURAT,2419.00
30-10-2024,DIAGNO PHARMA(S),SURAT,1484.00
30-10-2024,MAA CHANDRA PHARMA,SURAT,18659.00
30-10-2024,KESHAV SURGICAL,SURAT,1949.00
30-10-2024,KESHAV SURGICAL,SURAT,9274.00
30-10-2024,K D PHARMA(NAVSARI),NAVSARI,13280.00
30-10-2024,WELLRATE MEDICAL & SURGICAL,SURAT,18567.00
30-10-2024,SAI MEDICAL STORE (NEW),SURAT,4372.00
31-10-2024,SHRI MEDICAL AGENCIES,WASHIM,9500.00
08-11-2024,SHREEJI SURGICALS(AHMEDABAD),AHEMEDABAD,9072.00
08-11-2024,UNITY ENTERPRISE,HIMATNAGAR,89600.00
08-11-2024,PARAM DISTRIBUTORS,SURAT,6050.00
08-11-2024,TVISHA SURGICAL,MAHUVA,35700.00
08-11-2024,PURSHOTTAM PHARMACY,JASDAN,15590.00
08-11-2024,CLADVIQ PHARMACEUTICALS PVT LTD(S),AHEMEDABAD,14140.00
08-11-2024,PRADHAN MANTRI BHARTIYA JANAUSHADHI KE(N,NAVSARI,6042.00
09-11-2024,NITYAM SURGICAL AND COMPANY,SURAT,30038.00
09-11-2024,SHREE HARI SURGICAL,SURAT,11939.00
09-11-2024,JEEN SURGICAL,YAVATMAL,31035.00
09-11-2024,KESHAV SURGICAL,SURAT,1949.00
09-11-2024,INFINITY SKIN & DENTAL CARE,SURAT,439.00
09-11-2024,UDAY SURGIPHARMA,SURAT,1960.00
11-11-2024,CREATIVE HEALTHCARE,SURAT,3951.00
11-11-2024,MAA CHANDRA PHARMA,SURAT,24646.00
11-11-2024,UNIQUE MEDICAL AGENCY,LUNAWADA,4357.00
11-11-2024,UNITY ENTERPRISE,HIMATNAGAR,35840.00
11-11-2024,TOUCH SAFE SURGICAL (S),SURAT,7876.00
11-11-2024,RUDRA SURGICAL,SURAT,169.00
11-11-2024,ROYAL PHARMACY(CNH),SURAT,2548.00
11-11-2024,WELLRATE MEDICAL & SURGICAL,SURAT,1109.00
11-11-2024,RUDRA SURGICAL,SURAT,1120.00
12-11-2024,HONEST SURGICAL & MEDICINES AGENCIES,SURAT,9610.00
12-11-2024,BIO-TECH DISTRIBUTORS,SURAT,9744.00
12-11-2024,MAA CHANDRA PHARMA,SURAT,24541.00
12-11-2024,MAA CHANDRA PHARMA,SURAT,18245.00
12-11-2024,PRADHAN MANTRI BHARTIYA JANAUSHADHI KE(N,NAVSARI,29512.00
12-11-2024,HONEST SURGICAL & MEDICINES AGENCIES,SURAT,40934.00
12-11-2024,UDAY SURGIPHARMA,SURAT,3626.00
12-11-2024,WELLRATE MEDICAL & SURGICAL,SURAT,3229.00
13-11-2024,UMA AGENCY,SURAT,1893.00
13-11-2024,SWISS MEDICAL STORES,SURAT,7419.00
13-11-2024,PUJAN MEDICAL AGENCY,SURAT,1284.00
13-11-2024,ANJANI PHARMA,VALSAD,1186.00
13-11-2024,MADHAV MEDICAL AGENCY,SURAT,5914.00
13-11-2024,UDAY SURGIPHARMA,SURAT,2450.00
13-11-2024,PRADHAN MANTRI BHARTIYA JANAUSHADHI KE(N,NAVSARI,2800.00
14-11-2024,SAI MEDICAL STORE (NEW),SURAT,1982.00
14-11-2024,PRADHAN MANTRI BHARTIYA JANAUSHADHI KE(N,NAVSARI,12382.00
14-11-2024,SAI MEDICAL STORE (NEW),SURAT,750.00
15-11-2024,MITANSH SURGICAL,SURAT,5645.00
15-11-2024,SAI PHARMA AND SURGICAL,NADED,43960.00
15-11-2024,REMEDIO-ABH HEALTHCARE,SURAT,2597.00
15-11-2024,HI-TECH PHARMA(S),AHEMEDABAD,52416.00
15-11-2024,JIGAR MEDICINES,SURAT,2722.00
16-11-2024,MEDIPLUS DISTRIBUTORS,ANKLESHWAR,16632.00
16-11-2024,MADHUSUDAN AGENCY,VALSAD,11290.00
16-11-2024,ANJANI PHARMA,VALSAD,3030.00
16-11-2024,WELLRATE MEDICAL & SURGICAL,SURAT,14153.00
16-11-2024,ANJANI PHARMA,VALSAD,2576.00
16-11-2024,SAI PHARMA AND SURGICAL,NADED,84126.00
16-11-2024,SAI PHARMA AND SURGICAL,NADED,253575.00
16-11-2024,UDAY SURGIPHARMA,SURAT,2792.00
18-11-2024,MITANSH SURGICAL,SURAT,2464.00
18-11-2024,SAI MEDICAL STORE (NEW),SURAT,1568.00
18-11-2024,MADHAV MEDICAL AGENCY,SURAT,683.00
18-11-2024,KRISHANA SURGICAL AGENCY,JUNAGADH,10752.00
18-11-2024,SHREE KHODIYAR ENTERPRISE,ANAND,21364.00
18-11-2024,NIRAMAY MEDICO,NAVSARI,12846.00
18-11-2024,GALAXY MEDICO (NEW) S,SURAT,1770.00
18-11-2024,PRADHAN MANTRI BHARTIYA JANAUSHADHI KE(N,NAVSARI,3897.00
18-11-2024,SAI MEDICAL STORE (NEW),SURAT,1975.00
19-11-2024,TOUCH SAFE SURGICAL (S),SURAT,3332.00
19-11-2024,KHUSHI MEDICAL AGENCY,SURAT,5410.00
19-11-2024,MAA CHANDRA PHARMA,SURAT,9330.00
19-11-2024,SHRIJI CORPORATION,HIMMATNAGAR,179200.00
19-11-2024,SHREE HARI SURGICAL(MOTA VARACHA),SURAT,2854.00
19-11-2024,K D PHARMA(NAVSARI),NAVSARI,8870.00
19-11-2024,AKSHAR DISTRIBUTORS(SURAT),SURAT,1333.00
19-11-2024,SAI SURGICAL(NAVSARI),NAVSARI,4922.00
19-11-2024,ROYAL PHARMACY(CNH),SURAT,2285.00
19-11-2024,HONEST SURGICAL & MEDICINES AGENCIES,SURAT,29812.00
20-11-2024,DIAGNO PHARMA(S),SURAT,5208.00
20-11-2024,DIAGNO PHARMA(S),SURAT,9330.00
20-11-2024,K D PHARMA(NAVSARI),NAVSARI,2865.00
20-11-2024,VIRAJ MEDICAL AGENCY ANKLESHAR,ANKLESHWAR,10786.00
20-11-2024,UDAY SURGIPHARMA,SURAT,2674.00
20-11-2024,DIAGNO PHARMA(S),SURAT,5096.00
21-11-2024,ZOTA HEALTH CARE LTD,SURAT,179200.00
21-11-2024,JIGAR MEDICINES,SURAT,753.00
21-11-2024,GARDEE MEDICAL STORES,NAVSARI,61479.00
21-11-2024,AKSHAR DISTRIBUTORS(SURAT),SURAT,1999.00
21-11-2024,K D PHARMA(NAVSARI),NAVSARI,2391.00
21-11-2024,GARDEE MEDICAL STORES,NAVSARI,33061.00
22-11-2024,HONEST SURGICAL & MEDICINES AGENCIES,SURAT,19219.00
22-11-2024,KAVYA AGENCY(SAGRAMPURA),SURAT,7700.00
22-11-2024,BIO-TECH DISTRIBUTORS,SURAT,1949.00
22-11-2024,K D PHARMA(NAVSARI),NAVSARI,11424.00
22-11-2024,SHREE NATHJI REMEDIES,VAPI,61152.00
22-11-2024,PRADHAN MANTRI BHARTIYA JANAUSHADHI KE(N,NAVSARI,1316.00
22-11-2024,JIGAR PHARMACY (NEW),SURAT,202.00
22-11-2024,ROYAL PHARMACY(CNH),SURAT,694.00
22-11-2024,KAVYA AGENCY(SAGRAMPURA),SURAT,1613.00
22-11-2024,PRADHAN MANTRI BHARTIYA JANAUSHADHI KE(N,NAVSARI,4088.00
25-11-2024,PATEL PHARMA (S),SURAT,9475.00
25-11-2024,JIGAR PHARMACY (NEW),SURAT,2016.00
25-11-2024,JIGAR MEDICAL & SURGICAL AGENCY,SURAT,6423.00
25-11-2024,KHUSHI MEDICAL AGENCY,SURAT,16229.00
25-11-2024,PRADHAN MANTRI BHARTIYA JANAUSHADHI KE(N,NAVSARI,9632.00
25-11-2024,WELLRATE MEDICAL & SURGICAL,SURAT,2666.00
25-11-2024,ZOTA HEALTH CARE LTD,SURAT,41395.00
25-11-2024,ZOTA HEALTH CARE LTD,SURAT,31241.00
25-11-2024,SWISS MEDICAL STORES,SURAT,3709.00
25-11-2024,HONEST SURGICAL & MEDICINES AGENCIES,SURAT,60738.00
26-11-2024,MAA CHANDRA PHARMA,SURAT,8686.00
26-11-2024,DHANLAXMI MEDI(UDHNA),SURAT,3248.00
26-11-2024,WELLRATE MEDICAL & SURGICAL,SURAT,2061.00
26-11-2024,SAI MEDICAL STORE (NEW),SURAT,1064.00
26-11-2024,ND ENTERPRISE,SURAT,1568.00
26-11-2024,JIGAR MEDICINES,SURAT,6182.00
26-11-2024,JIGAR PHARMACY (NEW),SURAT,1277.00
26-11-2024,TVISHA SURGICAL,MAHUVA,4704.00
26-11-2024,ROYAL PHARMACY(CNH),SURAT,347.00
26-11-2024,JEEN SURGICAL,YAVATMAL,4771.00
26-11-2024,WELLRATE MEDICAL & SURGICAL,SURAT,7056.00
26-11-2024,SAI MEDICAL STORE (NEW),SURAT,812.00
26-11-2024,PRADHAN MANTRI BHARTIYA JANAUSHADHI KE(N,NAVSARI,20944.00
27-11-2024,HONEST SURGICAL & MEDICINES AGENCIES,SURAT,-82889.00
27-11-2024,PRADHAN MANTRI BHARTIYA JANAUSHADHI KE(N,NAVSARI,4015.00
27-11-2024,DHANLAXMI MEDI(UDHNA),SURAT,851.00
27-11-2024,JAYESH MEDICAL AGENCY (SURENDRANAGAR),SURENDRANAGAR,60928.00
27-11-2024,SAI SURGICAL(NAVSARI),NAVSARI,10819.00
28-11-2024,SAI SURGICAL(NAVSARI),NAVSARI,5208.00
28-11-2024,K D PHARMA(NAVSARI),NAVSARI,55948.00
28-11-2024,KESHAV SURGICAL,SURAT,2180.00
28-11-2024,AMBIKA INTERNATIONAL,SURAT,106200.00
28-11-2024,FIND LIFE PHARMACEUTICAL,SURAT,15960.00
28-11-2024,PRADHAN MANTRI BHARTIYA JANAUSHADHI KE(N,NAVSARI,2352.00
29-11-2024,PARAM DISTRIBUTORS,SURAT,2211.00
29-11-2024,MADHUSUDAN AGENCY,VALSAD,6774.00
29-11-2024,SAI PHARMA AND SURGICAL,NADED,409590.00
30-11-2024,SANJIVANI HOSPITAL,SURAT,6196.00
30-11-2024,SANJIVANI AROGYA TRUST(HOSPITAL),SURAT,1731.00
30-11-2024,PRADHAN MANTRI BHARTIYA JANAUSHADHI KE(N,NAVSARI,1558.00
30-11-2024,TOUCH SAFE SURGICAL (S),SURAT,4998.00
02-12-2024,TVISHA MEDICAL AND SURGICAL (BHAVNAGAR),BHAVNAGAR,5958.00
02-12-2024,AUM CLINICAL LABORATORY PANDESARA,SURAT,8372.00
02-12-2024,ANJANI PHARMA,VALSAD,1064.00
02-12-2024,UDAY SURGIPHARMA,SURAT,2408.00
03-12-2024,ANJANI PHARMA,VALSAD,1064.00
03-12-2024,MAA CHANDRA PHARMA,SURAT,4122.00
03-12-2024,FUSION DISTRIBTORS,SURAT,30464.00
03-12-2024,VAHANVATI SURGICAL AGENCY,SURAT,14437.00
03-12-2024,JIGAR MEDICAL & SURGICAL AGENCY,SURAT,9330.00
03-12-2024,DIAGNO PHARMA(S),SURAT,9330.00
03-12-2024,DIAGNO PHARMA(S),SURAT,5208.00
03-12-2024,WELLRATE MEDICAL & SURGICAL,SURAT,10956.00
03-12-2024,APPLE MEDICINES,CHIKHLI,9330.00
03-12-2024,NIRAMAY MEDICO,NAVSARI,9330.00
03-12-2024,WELLRATE MEDICAL & SURGICAL,SURAT,10402.00
04-12-2024,ADVANCED PHARMACY,SURAT,742.00
04-12-2024,ADVANCED PHARMACY,SURAT,2072.00
05-12-2024,K D PHARMA(NAVSARI),NAVSARI,-13108.00
05-12-2024,HONEST SURGICAL & MEDICINES AGENCIES,SURAT,1922.00
05-12-2024,SHREE KHODIYAR ENTERPRISE,ANAND,20894.00
05-12-2024,ROYAL PHARMACY(CNH),SURAT,1484.00
05-12-2024,ANJANI PHARMA,VALSAD,5718.00
05-12-2024,HI-TECH PHARMA(S),AHEMEDABAD,34944.00
05-12-2024,K D PHARMA(NAVSARI),NAVSARI,7274.00
05-12-2024,ROYAL PHARMACY(CNH),SURAT,1484.00
06-12-2024,SWISS MEDICAL STORES,SURAT,92904.00
06-12-2024,DIAGNO PHARMA(S),SURAT,5096.00
06-12-2024,MITANSH SURGICAL,SURAT,512.00
07-12-2024,VAHANVATI SURGICAL AGENCY,SURAT,730.00
07-12-2024,SANJIVANI HOSPITAL,SURAT,4173.00
07-12-2024,SWISS MEDICAL STORES,SURAT,773.00
07-12-2024,AMBIKA INTERNATIONAL,SURAT,106200.00
09-12-2024,THE PHARMA & SURGICAL,MORBI,17195.00
09-12-2024,GALAXY MEDICO (NEW) S,SURAT,7078.00
09-12-2024,HONEST SURGICAL & MEDICINES AGENCIES,SURAT,5766.00
09-12-2024,WELLRATE MEDICAL & SURGICAL,SURAT,2016.00
09-12-2024,MAA CHANDRA PHARMA,SURAT,5712.00
09-12-2024,P G PHARMA,VALSAD,8960.00
09-12-2024,WELLRATE MEDICAL & SURGICAL,SURAT,2106.00
10-12-2024,AMBIKA INTERNATIONAL,SURAT,17808.00
10-12-2024,MADHUSUDAN AGENCY,VALSAD,15053.00
10-12-2024,SAI MEDICAL STORE (NEW),SURAT,629.00
11-12-2024,SAI MEDICAL STORE (NEW),SURAT,3226.00
11-12-2024,ZOTA HEALTH CARE LTD,SURAT,42000.00
11-12-2024,MAA CHANDRA PHARMA,SURAT,11581.00
11-12-2024,SAI MEDICAL STORE (NEW),SURAT,750.00
12-12-2024,HONEST SURGICAL & MEDICINES AGENCIES,SURAT,28829.00
12-12-2024,AMBIKA INTERNATIONAL,SURAT,53100.00
12-12-2024,HANUMANT CLINIC,SURAT,717.00
12-12-2024,THE PHARMA & SURGICAL,MORBI,9072.00
12-12-2024,TOUCH SAFE SURGICAL (S),SURAT,10819.00
12-12-2024,ANJANI PHARMA,VALSAD,8330.00
12-12-2024,HONEST SURGICAL & MEDICINES AGENCIES,SURAT,32323.00
12-12-2024,HONEST SURGICAL & MEDICINES AGENCIES,SURAT,1814.00
12-12-2024,TOUCH SAFE SURGICAL (S),SURAT,19744.00
13-12-2024,VARDHAMAN ENTERPRISE,VALSAD,45575.00
13-12-2024,MITANSH SURGICAL,SURAT,306.00
13-12-2024,K D PHARMA(NAVSARI),NAVSARI,30887.00
13-12-2024,PATEL PHARMA (S),SURAT,3631.00
13-12-2024,SAI PHARMA AND SURGICAL,NADED,163866.00
13-12-2024,SAI PHARMA AND SURGICAL,NADED,228726.00
13-12-2024,SAI PHARMA AND SURGICAL,NADED,99938.00
14-12-2024,ORANGE HOSPITAL CHEMIST,NAVSARI,34070.00
14-12-2024,WELLRATE MEDICAL & SURGICAL,SURAT,6048.00
14-12-2024,KESHAV SURGICAL,SURAT,2641.00
14-12-2024,KAVYA DISTRIBUTORS (S),SURAT,5484.00
14-12-2024,KAVYA AGENCY(SAGRAMPURA),SURAT,15696.00
14-12-2024,SAI MEDICAL STORE (NEW),SURAT,1586.00
14-12-2024,ZOTA HEALTH CARE LTD,SURAT,10920.00
14-12-2024,PRADHAN MANTRI BHARTIYA JANAUSHADHI KE(N,NAVSARI,1400.00
14-12-2024,KHUSHI MEDICAL AGENCY,SURAT,10304.00
14-12-2024,ANJANI PHARMA,VALSAD,3864.00
14-12-2024,PRADHAN MANTRI BHARTIYA JANAUSHADHI KE(N,NAVSARI,1064.00
14-12-2024,ADVANCED PHARMACY,SURAT,742.00
16-12-2024,PATEL PHARMA (S),SURAT,5446.00
17-12-2024,ADVANCED PHARMACY,SURAT,742.00
17-12-2024,TVISHA SURGICAL,MAHUVA,6250.00
17-12-2024,MITANSH SURGICAL,SURAT,3080.00
17-12-2024,ADVANCED PHARMACY,SURAT,1540.00
18-12-2024,VAHANVATI SURGICAL AGENCY,SURAT,350.00
18-12-2024,ANJANI PHARMA,VALSAD,3136.00
18-12-2024,BIO-TECH DISTRIBUTORS,SURAT,1812.00
18-12-2024,AMBIKA INTERNATIONAL,SURAT,106200.00
18-12-2024,SAI MEDICAL STORE (NEW),SURAT,1346.00
19-12-2024,PRADHAN MANTRI BHARTIYA JANAUSHADHI KE(N,NAVSARI,5304.00
19-12-2024,PRADHAN MANTRI BHARTIYA JANAUSHADHI KE(N,NAVSARI,1344.00
20-12-2024,JIGAR MEDICINES,SURAT,3293.00
20-12-2024,GAJANAND PHARMA,AHEMEDABAD,44352.00
20-12-2024,TOUCH SAFE SURGICAL (S),SURAT,10304.00
20-12-2024,TOUCH SAFE SURGICAL (S),SURAT,1089.00
20-12-2024,ZOTA HEALTH CARE LTD,SURAT,31920.00
21-12-2024,WELLRATE MEDICAL & SURGICAL,SURAT,7934.00
21-12-2024,ROYAL PHARMACY(CNH),SURAT,3433.00
21-12-2024,SAI MEDICAL STORE (NEW),SURAT,784.00
21-12-2024,WELLRATE MEDICAL & SURGICAL,SURAT,12811.00
21-12-2024,ROYAL PHARMACY(CNH),SURAT,1484.00
23-12-2024,CREATIVE HEALTHCARE,SURAT,1976.00
23-12-2024,K D PHARMA(NAVSARI),NAVSARI,1848.00
23-12-2024,APPLE MEDICINES,CHIKHLI,2016.00
24-12-2024,UMA AGENCY,SURAT,2324.00
24-12-2024,SWISS MEDICAL STORES,SURAT,1082.00
25-12-2024,PARAM DISTRIBUTORS,SURAT,1764.00
25-12-2024,VARDHAMAN ENTERPRISE,VALSAD,4939.00
25-12-2024,HONEST SURGICAL & MEDICINES AGENCIES,SURAT,32211.00
25-12-2024,VARDHAMAN ENTERPRISE,VALSAD,54398.00
26-12-2024,SAI MEDICAL STORE (NEW),SURAT,1299.00
27-12-2024,TOUCH SAFE SURGICAL (S),SURAT,349.00
27-12-2024,AMBIKA INTERNATIONAL,SURAT,111510.00
27-12-2024,FORAM HEALTHCARE,SURAT,9980.00
27-12-2024,K D PHARMA(NAVSARI),NAVSARI,4203.00
27-12-2024,TOUCH SAFE SURGICAL (S),SURAT,9590.00
27-12-2024,FORAM HEALTHCARE,SURAT,1624.00
28-12-2024,SANJIVANI AROGYA TRUST(HOSPITAL),SURAT,2361.00
28-12-2024,SANJIVANI HOSPITAL,SURAT,25583.00
28-12-2024,PRADHAN MANTRI BHARTIYA JANAUSHADHI KE(N,NAVSARI,2184.00
28-12-2024,PRADHAN MANTRI BHARTIYA JANAUSHADHI KE(N,NAVSARI,4614.00
30-12-2024,P G PHARMA,VALSAD,10853.00
30-12-2024,VARDHAMAN ENTERPRISE,VALSAD,2848.00
30-12-2024,K D PHARMA(NAVSARI),NAVSARI,9240.00
30-12-2024,PRADHAN MANTRI BHARTIYA JANAUSHADHI KE(N,NAVSARI,1047.00
31-12-2024,MITANSH SURGICAL,SURAT,-4958.00
31-12-2024,HANUMANT CLINIC,SURAT,1142.00
31-12-2024,JIGAR PHARMACY (NEW),SURAT,1484.00
31-12-2024,DR JIGAR MASUR,SURAT,2632.00
31-12-2024,WELLRATE MEDICAL & SURGICAL,SURAT,1294.00
31-12-2024,MAKSON HEALTHCARE (SALE),SURAT,37166.00
31-12-2024,AUM CLINICAL LABORATORY UDHNA,SURAT,1092.00
31-12-2024,JIGAR MEDICINES,SURAT,2305.00
31-12-2024,WELLRATE MEDICAL & SURGICAL,SURAT,396.00
01-01-2025,ALEX MEDICARE,AHEMEDABAD,266.00
01-01-2025,PRADHAN MANTRI BHARTIYA JANAUSHADHI KE(N,NAVSARI,18928.00
02-01-2025,PRADHAN MANTRI BHARTIYA JANAUSHADHI KE(N,NAVSARI,3091.00
02-01-2025,K D PHARMA(NAVSARI),NAVSARI,11187.00
02-01-2025,INFINITY SKIN & DENTAL CARE,SURAT,2195.00
03-01-2025,ROYAL PHARMACY(CNH),SURAT,1568.00
03-01-2025,DR PINKESH PATEL,SURAT,3603.00
03-01-2025,TOUCH SAFE SURGICAL (S),SURAT,3332.00
03-01-2025,ANJANI PHARMA,VALSAD,14982.00
03-01-2025,ROYAL PHARMACY(CNH),SURAT,1484.00
03-01-2025,JAYESH MEDICAL AGENCY (SURENDRANAGAR),SURENDRANAGAR,102474.00
04-01-2025,MADHUSUDAN AGENCY,VALSAD,9408.00
04-01-2025,THE PHARMA & SURGICAL,MORBI,35392.00
04-01-2025,UNIQUE MEDICAL AGENCY,LUNAWADA,3519.00
04-01-2025,HI-TECH PHARMA(S),AHEMEDABAD,34944.00
04-01-2025,LIBBEN MEDI PRODUCTS PVT .LTD.(SALE),SURAT,9145.00
04-01-2025,HANUMANT CLINIC,SURAT,722.00
06-01-2025,UNITY ENTERPRISE,HIMATNAGAR,175840.00
06-01-2025,SAI SURGICAL(NAVSARI),NAVSARI,6737.00
06-01-2025,MAA CHANDRA PHARMA,SURAT,7017.00
06-01-2025,REMEDIO-ABH HEALTHCARE,SURAT,3746.00
06-01-2025,HONEST SURGICAL & MEDICINES AGENCIES,SURAT,18426.00
06-01-2025,WELLRATE MEDICAL & SURGICAL,SURAT,15083.00
06-01-2025,SAI MEDICAL STORE (NEW),SURAT,750.00
07-01-2025,PRADHAN MANTRI BHARTIYA JANAUSHADHI KE(N,NAVSARI,1739.00
07-01-2025,PRADHAN MANTRI BHARTIYA JANAUSHADHI KE(N,NAVSARI,1176.00
07-01-2025,FORAM HEALTHCARE,SURAT,40965.00
08-01-2025,MITANSH SURGICAL,SURAT,3836.00
08-01-2025,UMA AGENCY,SURAT,378.00
08-01-2025,CRITICARE SYSTEM,SURAT,254212.00
08-01-2025,MITANSH SURGICAL,SURAT,512.00
09-01-2025,JIGAR MEDICAL & SURGICAL AGENCY,SURAT,4617.00
09-01-2025,DR PINKESH PATEL,SURAT,4425.00
09-01-2025,K D PHARMA(NAVSARI),NAVSARI,13395.00
09-01-2025,WELLRATE MEDICAL & SURGICAL,SURAT,773.00
10-01-2025,PRADHAN MANTRI BHARTIYA JANAUSHADHI KE(N,NAVSARI,3584.00
11-01-2025,HONEST SURGICAL & MEDICINES AGENCIES,SURAT,57658.00
11-01-2025,PATEL PHARMA (S),SURAT,18154.00
11-01-2025,NITYAM SURGICAL AND COMPANY,SURAT,30038.00
11-01-2025,UDAY SURGIPHARMA,SURAT,190.00
11-01-2025,WELLRATE MEDICAL & SURGICAL,SURAT,10080.00
11-01-2025,SWISS MEDICAL STORES,SURAT,5564.00
11-01-2025,KESHAV SURGICAL,SURAT,3042.00
11-01-2025,VARDHAMAN ENTERPRISE,VALSAD,37901.00
11-01-2025,SHREEJI SURGICALS(AHMEDABAD),AHEMEDABAD,10886.00
11-01-2025,JAYESH MEDICAL AGENCY (SURENDRANAGAR),SURENDRANAGAR,37632.00
11-01-2025,THE PHARMA & SURGICAL,MORBI,9072.00
11-01-2025,VARDHAMAN ENTERPRISE,VALSAD,3326.00
11-01-2025,UDAY SURGIPHARMA,SURAT,1428.00
11-01-2025,HONEST SURGICAL & MEDICINES AGENCIES,SURAT,54253.00
11-01-2025,UDAY SURGIPHARMA,SURAT,2899.00
11-01-2025,WELLRATE MEDICAL & SURGICAL,SURAT,2436.00
11-01-2025,PRADHAN MANTRI BHARTIYA JANAUSHADHI KE(N,NAVSARI,2352.00
13-01-2025,SAI MEDICAL STORE (NEW),SURAT,-2426.00
13-01-2025,PARAM DISTRIBUTORS,SURAT,2124.00
13-01-2025,UDAY SURGIPHARMA,SURAT,2150.00
13-01-2025,SAI MEDICAL STORE (NEW),SURAT,11706.00
13-01-2025,SAI MEDICAL STORE (NEW),SURAT,2600.00
13-01-2025,PARAM DISTRIBUTORS,SURAT,1428.00
13-01-2025,SAI PHARMA AND SURGICAL,NADED,287174.00
16-01-2025,KRISHANA SURGICAL AGENCY,JUNAGADH,9330.00
16-01-2025,MITANSH SURGICAL,SURAT,3584.00
16-01-2025,APPLE MEDICINES,CHIKHLI,2016.00
16-01-2025,JIGAR MEDICINES,SURAT,1837.00
16-01-2025,APPLE MEDICINES,CHIKHLI,9718.00
17-01-2025,TVISHA SURGICAL,MAHUVA,3898.00
17-01-2025,SHREE SAMARTH VENTURES,VAPI,19470.00
17-01-2025,PRADHAN MANTRI BHARTIYA JANAUSHADHI KE(N,NAVSARI,6816.00
17-01-2025,HI-TECH PHARMA(S),AHEMEDABAD,6858.00
17-01-2025,WELLRATE MEDICAL & SURGICAL,SURAT,2106.00
17-01-2025,ROYAL PHARMACY(CNH),SURAT,1848.00
18-01-2025,DAIVIK HEALTHCARE,SURAT,4620.00
18-01-2025,K D PHARMA(NAVSARI),NAVSARI,4397.00
20-01-2025,ZOTA HEALTH CARE LTD,SURAT,27227.00
20-01-2025,SHIVGANGA MEDICAL & GENERAL STORE,SURAT,997.00
20-01-2025,SAI MEDICAL STORE (NEW),SURAT,672.00
20-01-2025,HONEST SURGICAL & MEDICINES AGENCIES,SURAT,49806.00
21-01-2025,HOSPITAL CARE,SURAT,12992.00
21-01-2025,VARDHAMAN ENTERPRISE,VALSAD,64680.00
21-01-2025,ZOTA HEALTH CARE LTD,SURAT,179200.00
21-01-2025,JAANVI ENTERPRISE,VADODARA,37390.00
21-01-2025,MAA CHANDRA PHARMA,SURAT,8243.00
22-01-2025,PRADHAN MANTRI BHARTIYA JANAUSHADHI KE(N,NAVSARI,5967.00
22-01-2025,WELLRATE MEDICAL & SURGICAL,SURAT,2853.00
22-01-2025,SAI MEDICAL STORE (NEW),SURAT,750.00
22-01-2025,ROYAL PHARMACY(CNH),SURAT,14840.00
22-01-2025,TVISHA SURGICAL,MAHUVA,15241.00
22-01-2025,WELLRATE MEDICAL & SURGICAL,SURAT,5292.00
23-01-2025,SPRAY DRYING AND CHEMICALS PVT LTD,BHARUCH,6714.00
23-01-2025,SHREE HARI SURGICAL,SURAT,5900.00
24-01-2025,TOUCH SAFE SURGICAL (S),SURAT,384.00
24-01-2025,KESHAV SURGICAL,SURAT,1451.00
24-01-2025,SHREE KHODIYAR ENTERPRISE,ANAND,27048.00
24-01-2025,SAI MEDICAL STORE (NEW),SURAT,1299.00
25-01-2025,MAA CHANDRA PHARMA,SURAT,19080.00
25-01-2025,PRADHAN MANTRI BHARTIYA JANAUSHADHI KE(N,NAVSARI,10584.00
27-01-2025,SAI MEDICAL STORE (NEW),SURAT,3226.00
27-01-2025,MITANSH SURGICAL,SURAT,1082.00
27-01-2025,ZOTA HEALTH CARE LTD,SURAT,67200.00
27-01-2025,GAJANAND PHARMA,AHEMEDABAD,88704.00
27-01-2025,JIGAR MEDICINES,SURAT,2957.00
27-01-2025,SHREE KHODIYAR ENTERPRISE,ANAND,12936.00
27-01-2025,TVADARTHAM INDUSTRIES,SURAT,127822.00
27-01-2025,KAVYA AGENCY(SAGRAMPURA),SURAT,7700.00
27-01-2025,HONEST SURGICAL & MEDICINES AGENCIES,SURAT,2890.00
28-01-2025,KAVYA AGENCY(SAGRAMPURA),SURAT,34272.00
29-01-2025,VINAYAK SALES AGENCY,SURAT,9694.00
29-01-2025,K D PHARMA(NAVSARI),NAVSARI,7844.00
31-01-2025,ZOTA HEALTH CARE LTD,SURAT,9979.00
31-01-2025,SHREE KRISHNA SURGICAL,SURAT,4032.00
31-01-2025,SHREE SAMARTH VENTURES,VAPI,38940.00
31-01-2025,SAI PHARMA AND SURGICAL,NADED,339570.00
31-01-2025,HONEST SURGICAL & MEDICINES AGENCIES,SURAT,61775.00
01-02-2025,KHUSHI MEDICAL AGENCY,SURAT,361.00
01-02-2025,ANJANI PHARMA,VALSAD,10633.00
01-02-2025,KESHAV SURGICAL,SURAT,3778.00
01-02-2025,TVISHA SURGICAL,MAHUVA,7795.00
01-02-2025,APPLE MEDICINES,CHIKHLI,2688.00
01-02-2025,K D PHARMA(NAVSARI),NAVSARI,7635.00
01-02-2025,SANJIVANI HOSPITAL,SURAT,11602.00
01-02-2025,SANJIVANI AROGYA TRUST(HOSPITAL),SURAT,247.00
01-02-2025,ADVANCED PHARMACY,SURAT,742.00
01-02-2025,WELLRATE MEDICAL & SURGICAL,SURAT,1523.00
01-02-2025,VARDHAMAN ENTERPRISE,VALSAD,2218.00
03-02-2025,K D PHARMA(NAVSARI),NAVSARI,6283.00
03-02-2025,SWISS MEDICAL STORES,SURAT,46200.00
03-02-2025,ADVANCED PHARMACY,SURAT,2072.00
04-02-2025,SAI SURGICAL(NAVSARI),NAVSARI,17583.00
04-02-2025,MEDIKA SURGICALS AND MEDICINES,GANDHINAGAR,224.00
04-02-2025,SWAMI ORTHO AIDS(S),AHEMEDABAD,12927.00
04-02-2025,PRADHAN MANTRI BHARTIYA JANAUSHADHI KE(N,NAVSARI,1801.00
04-02-2025,HONEST SURGICAL & MEDICINES AGENCIES,SURAT,5359.00
05-02-2025,MAA CHANDRA PHARMA,SURAT,5040.00
05-02-2025,SAI MEDICAL STORE (NEW),SURAT,1928.00
06-02-2025,SHREE HARI SURGICAL(MOTA VARACHA),SURAT,2951.00
06-02-2025,MAA CHANDRA PHARMA,SURAT,24410.00
06-02-2025,MAKSON HEALTHCARE (SALE),SURAT,5824.00
06-02-2025,SAI MEDICAL STORE (NEW),SURAT,1346.00
07-02-2025,MITANSH SURGICAL,SURAT,4483.00
07-02-2025,TVISHA SURGICAL,MAHUVA,12992.00
07-02-2025,WELLRATE MEDICAL & SURGICAL,SURAT,1042.00
07-02-2025,SAI MEDICAL STORE (NEW),SURAT,2279.00
07-02-2025,DIAGNO PHARMA(S),SURAT,9330.00
07-02-2025,WELLRATE MEDICAL & SURGICAL,SURAT,16954.00
07-02-2025,HONEST SURGICAL & MEDICINES AGENCIES,SURAT,12505.00
07-02-2025,SAI MEDICAL STORE (NEW),SURAT,750.00
07-02-2025,ROYAL PHARMACY(CNH),SURAT,1484.00
08-02-2025,SAI MEDICAL STORE (NEW),SURAT,1568.00
08-02-2025,AUM CLINICAL LABORATORY UDHNA,SURAT,8019.00
08-02-2025,ROYAL PHARMACY(CNH),SURAT,532.00
08-02-2025,GARDEE MEDICAL STORES,NAVSARI,20924.00
08-02-2025,MAA CHANDRA PHARMA,SURAT,6216.00
08-02-2025,REMEDIO-ABH HEALTHCARE,SURAT,3580.00
08-02-2025,SAI MEDICAL STORE (NEW),SURAT,812.00
08-02-2025,GARDEE MEDICAL STORES,NAVSARI,19014.00
10-02-2025,JIGAR MEDICINES,SURAT,1139.00
10-02-2025,NITYAM SURGICAL AND COMPANY,SURAT,40051.00
10-02-2025,KHUSHI MEDICAL AGENCY,SURAT,6492.00
10-02-2025,K D PHARMA(NAVSARI),NAVSARI,9212.00
10-02-2025,HONEST SURGICAL & MEDICINES AGENCIES,SURAT,74754.00
10-02-2025,K D PHARMA(NAVSARI),NAVSARI,1792.00
10-02-2025,SAI MEDICAL STORE (NEW),SURAT,1299.00
11-02-2025,HANUMANT CLINIC,SURAT,1383.00
11-02-2025,SAI MEDICAL STORE (NEW),SURAT,6731.00
11-02-2025,SHREE HARI SURGICAL,SURAT,2061.00
11-02-2025,SAI MEDICAL STORE (NEW),SURAT,9705.00
11-02-2025,DARSHAN TRADERS,SURAT,1581.00
12-02-2025,SHREE KHODIYAR ENTERPRISE,ANAND,18032.00
12-02-2025,WELLRATE MEDICAL & SURGICAL,SURAT,10800.00
12-02-2025,ZOTA HEALTH CARE LTD,SURAT,12257.00
12-02-2025,NIDAN X-RAY & SONOGRAPHU,SURAT,3360.00
12-02-2025,DARSHAN TRADERS,SURAT,27496.00
12-02-2025,WELLRATE MEDICAL & SURGICAL,SURAT,10354.00
17-02-2025,WELLRATE MEDICAL & SURGICAL,SURAT,370.00
17-02-2025,LIBBEN MEDI PRODUCTS PVT .LTD.(SALE),SURAT,51408.00
17-02-2025,MITANSH SURGICAL,SURAT,4122.00
17-02-2025,JIGAR MEDICAL & SURGICAL AGENCY,SURAT,9330.00
17-02-2025,ZOTA HEALTH CARE LTD,SURAT,442500.00
17-02-2025,VARDHAMAN ENTERPRISE,VALSAD,23100.00
17-02-2025,HONEST SURGICAL & MEDICINES AGENCIES,SURAT,10881.00
18-02-2025,GENUINE MEDICAL AGENCY,SURAT,5466.00
19-02-2025,K D PHARMA(NAVSARI),NAVSARI,24082.00
19-02-2025,KAVYA AGENCY(SAGRAMPURA),SURAT,34720.00
19-02-2025,SHREE HARI SURGICAL,SURAT,2509.00
19-02-2025,UDAY SURGIPHARMA,SURAT,2450.00
19-02-2025,HONEST SURGICAL & MEDICINES AGENCIES,SURAT,68939.00
20-02-2025,KHUSHI MEDICAL AGENCY,SURAT,10304.00
20-02-2025,TOUCH SAFE SURGICAL (S),SURAT,14416.00
20-02-2025,VAHANVATI SURGICAL AGENCY,SURAT,2643.00
20-02-2025,MITANSH SURGICAL,SURAT,4760.00
20-02-2025,MAA CHANDRA PHARMA,SURAT,42456.00
20-02-2025,K D PHARMA(NAVSARI),NAVSARI,3719.00
21-02-2025,WELLRATE MEDICAL & SURGICAL,SURAT,1699.00
21-02-2025,KESHAV SURGICAL,SURAT,1816.00
21-02-2025,WELLRATE MEDICAL & SURGICAL,SURAT,1109.00
22-02-2025,VAHANVATI SURGICAL AGENCY,SURAT,1736.00
22-02-2025,SAI MEDICAL STORE (NEW),SURAT,8064.00
22-02-2025,VARDHAMAN ENTERPRISE,VALSAD,46200.00
22-02-2025,SAI MEDICAL STORE (NEW),SURAT,4256.00
24-02-2025,TOUCH SAFE SURGICAL (S),SURAT,1790.00
24-02-2025,JIGAR MEDICAL & SURGICAL AGENCY,SURAT,3360.00
24-02-2025,PARAM DISTRIBUTORS,SURAT,2720.00
24-02-2025,SHREEJI SURGICALS(AHMEDABAD),AHEMEDABAD,11451.00
24-02-2025,PAVAN MEDICAL AGENCY(VAPI),VAPI,18659.00
24-02-2025,SHREE KHODIYAR ENTERPRISE,ANAND,38940.00
24-02-2025,ROYAL PHARMACY(CNH),SURAT,3293.00
24-02-2025,SAI PHARMA AND SURGICAL,NADED,310334.00
24-02-2025,ROYAL PHARMACY(CNH),SURAT,1484.00
25-02-2025,SHREE HARI SURGICAL,SURAT,2643.00
25-02-2025,MITANSH SURGICAL,SURAT,5491.00
25-02-2025,HONEST SURGICAL & MEDICINES AGENCIES,SURAT,57658.00
25-02-2025,PATEL PHARMA (S),SURAT,36309.00
25-02-2025,SWISS MEDICAL STORES,SURAT,18547.00
25-02-2025,WELLRATE MEDICAL & SURGICAL,SURAT,7934.00
25-02-2025,CK SURGICAL,AHEMEDABAD,13440.00
25-02-2025,HONEST SURGICAL & MEDICINES AGENCIES,SURAT,6132.00
25-02-2025,WELLRATE MEDICAL & SURGICAL,SURAT,2436.00
26-02-2025,VARDHAMAN ENTERPRISE,VALSAD,59069.00
26-02-2025,K D PHARMA(NAVSARI),NAVSARI,4647.00
26-02-2025,MAA CHANDRA PHARMA,SURAT,24192.00
26-02-2025,VARDHAMAN ENTERPRISE,VALSAD,41888.00
27-02-2025,SWISS MEDICAL STORES,SURAT,29568.00
27-02-2025,P G PHARMA,VALSAD,7616.00
27-02-2025,P G PHARMA,VALSAD,6261.00
27-02-2025,SAI MEDICAL STORE (NEW),SURAT,7058.00
27-02-2025,SAI MEDICAL STORE (NEW),SURAT,6367.00
27-02-2025,PRADHAN MANTRI BHARTIYA JANAUSHADHI KE(N,NAVSARI,473.00
28-02-2025,HANUMANT CLINIC,SURAT,602.00
28-02-2025,PRADHAN MANTRI BHARTIYA JANAUSHADHI KE(N,NAVSARI,2005.00
01-03-2025,ANJANI PHARMA,VALSAD,12055.00
01-03-2025,HONEST SURGICAL & MEDICINES AGENCIES,SURAT,38628.00
01-03-2025,ANJANI PHARMA,VALSAD,4133.00
03-03-2025,VAHANVATI SURGICAL AGENCY,SURAT,4379.00
03-03-2025,WELLRATE MEDICAL & SURGICAL,SURAT,10080.00
03-03-2025,ANJANI PHARMA,VALSAD,3914.00
03-03-2025,KHUSHI MEDICAL AGENCY,SURAT,5034.00
03-03-2025,SAI SURGICAL(NAVSARI),NAVSARI,5208.00
03-03-2025,SAI MEDICAL STORE (NEW),SURAT,790.00
03-03-2025,WELLRATE MEDICAL & SURGICAL,SURAT,18085.00
03-03-2025,ROYAL PHARMACY(CNH),SURAT,3696.00
04-03-2025,MITANSH SURGICAL,SURAT,3606.00
04-03-2025,JIGAR MEDICAL & SURGICAL AGENCY,SURAT,6378.00
04-03-2025,HONEST SURGICAL & MEDICINES AGENCIES,SURAT,899456.00
05-03-2025,K D PHARMA(NAVSARI),NAVSARI,7056.00
05-03-2025,TVISHA SURGICAL,MAHUVA,58385.00
05-03-2025,TVISHA SURGICAL,MAHUVA,10752.00
05-03-2025,HANUMANT CLINIC,SURAT,1229.00
06-03-2025,APPLE MEDICINES,CHIKHLI,2016.00
06-03-2025,THE PHARMA & SURGICAL,MORBI,19085.00
06-03-2025,PARAM DISTRIBUTORS,SURAT,564.00
06-03-2025,S.K.WEAVING PVT.LTD,SURAT,6608.00
07-03-2025,SWISS MEDICAL STORES,SURAT,11128.00
07-03-2025,JIGAR MEDICINES,SURAT,10536.00
07-03-2025,JIGAR PHARMACY (NEW),SURAT,2554.00
07-03-2025,SHREE KHODIYAR ENTERPRISE,ANAND,36960.00
07-03-2025,SAI MEDICAL STORE (NEW),SURAT,2240.00
07-03-2025,MITANSH SURGICAL,SURAT,4122.00
07-03-2025,PRADHAN MANTRI BHARTIYA JANAUSHADHI KE(N,NAVSARI,2800.00
07-03-2025,JIGAR MEDICINES,SURAT,568.00
08-03-2025,JAYESH MEDICAL AGENCY (SURENDRANAGAR),SURENDRANAGAR,38170.00
08-03-2025,PALOD MEDICO AND SURGICO,SANGAMNER,41037.00
08-03-2025,SHREE KHODIYAR ENTERPRISE,ANAND,12348.00
08-03-2025,SHREE SAMARTH VENTURES,VAPI,38940.00
08-03-2025,KAVYA AGENCY(SAGRAMPURA),SURAT,3055.00
08-03-2025,SHREE KRISHNA SURGICAL,SURAT,2016.00
08-03-2025,DARSHAN TRADERS,SURAT,1028.00
08-03-2025,SWISS MEDICAL STORES,SURAT,36960.00
08-03-2025,SAI SURGICAL(NAVSARI),NAVSARI,4015.00
08-03-2025,DARSHAN TRADERS,SURAT,524.00
10-03-2025,OM SURGICAL BARDOLI,BARDOLI,10474.00
10-03-2025,MAA CHANDRA PHARMA,SURAT,53530.00
10-03-2025,SAI MEDICAL STORE (NEW),SURAT,1540.00
10-03-2025,PRADHAN MANTRI BHARTIYA JANAUSHADHI KE(N,NAVSARI,9464.00
12-03-2025,ROYAL PHARMACY(CNH),SURAT,879.00
12-03-2025,SHREE HARI SURGICAL,SURAT,3360.00
12-03-2025,MAKSON HEALTHCARE (SALE),SURAT,13230.00
15-03-2025,VAHANVATI SURGICAL AGENCY,SURAT,11066.00
15-03-2025,WELLRATE MEDICAL & SURGICAL,SURAT,13718.00
15-03-2025,HANUMANT CLINIC,SURAT,1067.00
15-03-2025,WELLRATE MEDICAL & SURGICAL,SURAT,17145.00
15-03-2025,SAI MEDICAL STORE (NEW),SURAT,5555.00
17-03-2025,JIGAR MEDICAL & SURGICAL AGENCY,SURAT,9330.00
17-03-2025,NITYAM SURGICAL AND COMPANY,SURAT,30038.00
17-03-2025,KHUSHI MEDICAL AGENCY,SURAT,4922.00
17-03-2025,MAKSON HEALTHCARE (SALE),SURAT,9735.00
17-03-2025,PARAM DISTRIBUTORS,SURAT,2124.00
17-03-2025,MITANSH SURGICAL,SURAT,4122.00
17-03-2025,K D PHARMA(NAVSARI),NAVSARI,1392.00
17-03-2025,JEEN SURGICAL,YAVATMAL,161280.00
17-03-2025,SAI MEDICAL STORE (NEW),SURAT,6507.00
17-03-2025,UDAY SURGIPHARMA,SURAT,7386.00
18-03-2025,AUM CLINICAL LABORATORY PANDESARA,SURAT,8044.00
18-03-2025,MAA CHANDRA PHARMA,SURAT,14784.00
18-03-2025,MITANSH SURGICAL,SURAT,884.00
18-03-2025,UDAY SURGIPHARMA,SURAT,2450.00
19-03-2025,FORAM HEALTHCARE,SURAT,2472.00
19-03-2025,ZOTA HEALTH CARE LTD,SURAT,184800.00
19-03-2025,JIGAR MEDICINES,SURAT,7353.00
19-03-2025,UNITY ENTERPRISE,HIMATNAGAR,18950.00
20-03-2025,TVISHA SURGICAL,MAHUVA,92400.00
20-03-2025,DIAGNO PHARMA(S),SURAT,3998.00
20-03-2025,SAI MEDICAL STORE (NEW),SURAT,17259.00
20-03-2025,K D PHARMA(NAVSARI),NAVSARI,13417.00
20-03-2025,HYPEX MEDICAL DEVICE PRIVATE LIMITED,HIMMATNAGAR,114576.00
20-03-2025,MADHUSUDAN AGENCY,VALSAD,3763.00
20-03-2025,DIAGNO PHARMA(S),SURAT,5096.00
20-03-2025,SAI MEDICAL STORE (NEW),SURAT,1579.00
21-03-2025,JEEN SURGICAL,YAVATMAL,-124320.00
21-03-2025,SHREE KHODIYAR ENTERPRISE,ANAND,19470.00
21-03-2025,TOUCH SAFE SURGICAL (S),SURAT,4328.00
21-03-2025,SAI MEDICAL STORE (NEW),SURAT,5718.00
22-03-2025,SANJIVANI HOSPITAL,SURAT,16113.00
22-03-2025,SANJIVANI AROGYA TRUST MEDICAL STORE,SURAT,3067.00
22-03-2025,K D PHARMA(NAVSARI),NAVSARI,6446.00
22-03-2025,VAHANVATI SURGICAL AGENCY,SURAT,1018.00
22-03-2025,SHREE HARI SURGICAL,SURAT,2061.00
22-03-2025,HYPEX MEDICAL DEVICE PRIVATE LIMITED,HIMMATNAGAR,3472.00
22-03-2025,TOUCH SAFE SURGICAL (S),SURAT,2466.00
22-03-2025,WELLRATE MEDICAL & SURGICAL,SURAT,21345.00
24-03-2025,PARAM DISTRIBUTORS,SURAT,2484.00
24-03-2025,JIGAR PHARMACY (NEW),SURAT,1512.00
24-03-2025,VISA INDUSTRIES,SURAT,44800.00
24-03-2025,AMBIKA INTERNATIONAL,SURAT,7392.00
24-03-2025,ZOTA HEALTH CARE LTD,SURAT,25200.00
24-03-2025,HANUMANT CLINIC,SURAT,342.00
24-03-2025,SAI MEDICAL STORE (NEW),SURAT,5835.00
24-03-2025,PRADHAN MANTRI BHARTIYA JANAUSHADHI KE(N,NAVSARI,5320.00
25-03-2025,SHREEJI SURGICALS(AHMEDABAD),AHEMEDABAD,9542.00
25-03-2025,PRADHAN MANTRI BHARTIYA JANAUSHADHI KE(N,NAVSARI,3584.00
25-03-2025,ADVANCED PHARMACY,SURAT,756.00
27-03-2025,SAI MEDICAL STORE (NEW),SURAT,2240.00
27-03-2025,SHREE KRISHNA SURGICAL,SURAT,1926.00
27-03-2025,SAI MEDICAL STORE (NEW),SURAT,1562.00
27-03-2025,TVISHA MEDICAL AND SURGICAL (BHAVNAGAR),BHAVNAGAR,25954.00
28-03-2025,SHREE KHODIYAR ENTERPRISE,ANAND,12348.00
28-03-2025,JIGAR MEDICAL & SURGICAL AGENCY,SURAT,17544.00
28-03-2025,MAKSON HEALTHCARE (SALE),SURAT,5841.00
29-03-2025,PRADHAN MANTRI BHARTIYA JANAUSHADHI KE(N,NAVSARI,-1559.00
29-03-2025,PRADHAN MANTRI BHARTIYA JANAUSHADHI KE(N,NAVSARI,-2150.00
29-03-2025,SWISS MEDICAL STORES,SURAT,3696.00
29-03-2025,MITANSH SURGICAL,SURAT,49767.00
29-03-2025,WELLRATE MEDICAL & SURGICAL,SURAT,7672.00
29-03-2025,SAI MEDICAL STORE (NEW),SURAT,672.00
31-03-2025,DARSHAN TRADERS,SURAT,24716.00
01-04-2025,MAA CHANDRA PHARMA,SURAT,25172.00
01-04-2025,SAI SURGICAL(NAVSARI),NAVSARI,5421.00
01-04-2025,UDAY SURGIPHARMA,SURAT,2450.00
01-04-2025,SAI MEDICAL STORE (NEW),SURAT,4256.00
02-04-2025,WELLRATE MEDICAL & SURGICAL,SURAT,2016.00
02-04-2025,SWISS MEDICAL STORES,SURAT,29568.00
02-04-2025,AUM CLINICAL LABORATORY UDHNA,SURAT,8019.00
02-04-2025,WELLRATE MEDICAL & SURGICAL,SURAT,24069.00
02-04-2025,TOUCH SAFE SURGICAL (S),SURAT,20165.00
03-04-2025,SHIVGANGA MEDICAL & GENERAL STORE,SURAT,571.00
03-04-2025,SWISS MEDICAL STORES,SURAT,1082.00
03-04-2025,JIGAR MEDICINES,SURAT,2330.00
03-04-2025,JIGAR PHARMACY (NEW),SURAT,4166.00
03-04-2025,JIGAR MEDICINES,SURAT,9094.00
03-04-2025,VAHANVATI SURGICAL AGENCY,SURAT,1848.00
03-04-2025,OM SURGICAL BARDOLI,BARDOLI,37494.00
04-04-2025,VINAYAK SALES AGENCY,SURAT,9518.00
04-04-2025,SAI MEDICAL STORE (NEW),SURAT,10494.00
04-04-2025,UDAY SURGIPHARMA,SURAT,1848.00
04-04-2025,K D PHARMA(NAVSARI),NAVSARI,25703.00
04-04-2025,DWARKAMAI DISTRIBUTORS,NASIK,7448.00
04-04-2025,ZOTA HEALTH CARE LTD,SURAT,13507.00
04-04-2025,SAI MEDICAL STORE (NEW),SURAT,7851.00
04-04-2025,SAI MEDICAL STORE (NEW),SURAT,4146.00
04-04-2025,UDAY SURGIPHARMA,SURAT,6440.00
04-04-2025,MITANSH SURGICAL,SURAT,33921.00
05-04-2025,SWISS MEDICAL STORES,SURAT,29568.00
05-04-2025,K D PHARMA(NAVSARI),NAVSARI,7392.00
05-04-2025,MAHARSHI TRADERS,SURAT,2006.00
05-04-2025,SAI MEDICAL STORE (NEW),SURAT,4256.00
05-04-2025,TVISHA SURGICAL,MAHUVA,21571.00
05-04-2025,KRISHNA CLINIC AND  NURSING HOME,SURAT,21840.00
07-04-2025,SAI MEDICAL STORE (NEW),SURAT,1422.00
07-04-2025,SAI PHARMA AND SURGICAL,NADED,310442.00
08-04-2025,OM SURGICAL BARDOLI,BARDOLI,11301.00
08-04-2025,SAI SURGICAL(NAVSARI),NAVSARI,8742.00
08-04-2025,KRISHNA CLINIC AND  NURSING HOME,SURAT,9800.00
08-04-2025,TOUCH SAFE SURGICAL (S),SURAT,7428.00
08-04-2025,WELLRATE MEDICAL & SURGICAL,SURAT,14106.00
08-04-2025,PRADHAN MANTRI BHARTIYA JANAUSHADHI KE(N,NAVSARI,1792.00
08-04-2025,SAI MEDICAL STORE (NEW),SURAT,9121.00
08-04-2025,WELLRATE MEDICAL & SURGICAL,SURAT,5046.00
09-04-2025,MITANSH SURGICAL,SURAT,4390.00
09-04-2025,SHREE KRISHNA SURGICAL,SURAT,6350.00
09-04-2025,VARDHAMAN ENTERPRISE,VALSAD,55440.00
09-04-2025,UDAY SURGIPHARMA,SURAT,739.00
09-04-2025,UDAY SURGIPHARMA,SURAT,1136.00
10-04-2025,KAVYA AGENCY(SAGRAMPURA),SURAT,3819.00
10-04-2025,HADRIANA PRIVAT LIMITED(S),SURAT,280.00
10-04-2025,MAA CHANDRA PHARMA,SURAT,54692.00
10-04-2025,SAI MEDICAL STORE (NEW),SURAT,5835.00
10-04-2025,PRADHAN MANTRI BHARTIYA JANAUSHADHI KE(N,NAVSARI,473.00
10-04-2025,VARDHAMAN ENTERPRISE,VALSAD,37103.00
11-04-2025,SHREE SAMARTH VENTURES,VAPI,38940.00
11-04-2025,CLADVIQ PHARMACEUTICALS PVT LTD(S),AHEMEDABAD,3444.00
12-04-2025,SAI MEDICAL STORE (NEW),SURAT,2862.00
12-04-2025,PRADHAN MANTRI BHARTIYA JANAUSHADHI KE(N,NAVSARI,1176.00
12-04-2025,WELLRATE MEDICAL & SURGICAL,SURAT,26309.00
14-04-2025,KHUSHI MEDICAL AGENCY,SURAT,6852.00
14-04-2025,JIGAR MEDICAL & SURGICAL AGENCY,SURAT,12619.00
14-04-2025,HONEST SURGICAL & MEDICINES AGENCIES,SURAT,72126.00
15-04-2025,SAI MEDICAL STORE (NEW),SURAT,3080.00
15-04-2025,HANUMANT CLINIC,SURAT,1854.00
15-04-2025,S.K.WEAVING PVT.LTD,SURAT,2643.00
15-04-2025,NIRAMAY MEDICO,NAVSARI,10168.00
15-04-2025,K D PHARMA(NAVSARI),NAVSARI,18234.00
15-04-2025,PRADHAN MANTRI BHARTIYA JANAUSHADHI KE(N,NAVSARI,6300.00
15-04-2025,MAA CHANDRA PHARMA,SURAT,20160.00
15-04-2025,HANUMANT CLINIC,SURAT,1159.00
15-04-2025,WELLCARE DRUG DISTRIBUTORS (PALSAN),SURAT,28937.00
16-04-2025,SAI MEDICAL STORE (NEW),SURAT,5480.00
16-04-2025,SAI PHARMA AND SURGICAL,NADED,388752.00
17-04-2025,ZOTA HEALTH CARE LTD,SURAT,9979.00
17-04-2025,MAA CHANDRA PHARMA,SURAT,15930.00
17-04-2025,SAI MEDICAL STORE (NEW),SURAT,8624.00
18-04-2025,WELLRATE MEDICAL & SURGICAL,SURAT,5219.00
18-04-2025,NITYAM SURGICAL AND COMPANY,SURAT,16065.00
18-04-2025,SHREE KHODIYAR ENTERPRISE,ANAND,11760.00
18-04-2025,HONEST SURGICAL & MEDICINES AGENCIES,SURAT,2402.00
18-04-2025,WELLRATE MEDICAL & SURGICAL,SURAT,5714.00
18-04-2025,GURUDEV ENTERPRISE,SURAT,45472.00
19-04-2025,HANUMANT CLINIC,SURAT,594.00
19-04-2025,VAHANVATI SURGICAL AGENCY,SURAT,3472.00
19-04-2025,ZOTA HEALTH CARE LTD,SURAT,89040.00
19-04-2025,SAI MEDICAL STORE (NEW),SURAT,1299.00
21-04-2025,MITANSH SURGICAL,SURAT,4390.00
21-04-2025,K D PHARMA(NAVSARI),NAVSARI,11395.00
21-04-2025,MADHAV MEDICAL AGENCY,SURAT,2156.00
21-04-2025,VINAYAK SALES AGENCY,SURAT,2128.00
21-04-2025,MAA CHANDRA PHARMA,SURAT,17808.00
21-04-2025,DIAGNO PHARMA(S),SURAT,10192.00
21-04-2025,HONEST SURGICAL & MEDICINES AGENCIES,SURAT,49398.00
21-04-2025,MADHAV MEDICAL AGENCY,SURAT,3259.00
22-04-2025,VARDHAMAN ENTERPRISE,VALSAD,36960.00
22-04-2025,SHREE KHODIYAR ENTERPRISE,ANAND,39070.00
22-04-2025,MITANSH SURGICAL,SURAT,6276.00
22-04-2025,ANJANI PHARMA,VALSAD,9922.00
22-04-2025,SAI MEDICAL STORE (NEW),SURAT,1540.00
22-04-2025,CLADVIQ PHARMACEUTICALS PVT LTD(S),AHEMEDABAD,4592.00
23-04-2025,ROYAL PHARMACY(CNH),SURAT,1176.00
23-04-2025,AUM CLINICAL LABORATORY PANDESARA,SURAT,8467.00
23-04-2025,JEEN SURGICAL,YAVATMAL,27776.00
23-04-2025,HADRIANA PRIVAT LIMITED(S),SURAT,532.00
23-04-2025,SAI MEDICAL STORE (NEW),SURAT,3080.00
23-04-2025,JIGAR MEDICINES,SURAT,1176.00
23-04-2025,PARSHWA MEDICAL & SURGICAL,SURAT,3674.00
23-04-2025,ROYAL PHARMACY(CNH),SURAT,6664.00
23-04-2025,NAVKAR AGENCY,SURAT,29491.00
24-04-2025,HADRIANA PRIVAT LIMITED(S),SURAT,10336.00
24-04-2025,ORANGE PHARMACY,NAVSARI,2446.00
24-04-2025,MITANSH SURGICAL,SURAT,4122.00
24-04-2025,HONEST SURGICAL & MEDICINES AGENCIES,SURAT,3844.00
24-04-2025,JIGAR MEDICINES,SURAT,2218.00
24-04-2025,HANUMANT CLINIC,SURAT,3584.00
24-04-2025,ADVANCED PHARMACY,SURAT,1498.00
25-04-2025,SWISS MEDICAL STORES,SURAT,92400.00
25-04-2025,KRISHNA SURGICAL S (VADODRA),VADODRA,8001.00
25-04-2025,SPRAY DRYING AND CHEMICALS PVT LTD,BHARUCH,6490.00
25-04-2025,MAA CHANDRA PHARMA,SURAT,13955.00
25-04-2025,SAI MEDICAL STORE (NEW),SURAT,1196.00
25-04-2025,SAI MEDICAL STORE (NEW),SURAT,1422.00
25-04-2025,OM SURGICAL BARDOLI,BARDOLI,35081.00
26-04-2025,HONEST SURGICAL & MEDICINES AGENCIES,SURAT,9610.00
26-04-2025,NITYAM SURGICAL AND COMPANY,SURAT,2003.00
26-04-2025,MAA CHANDRA PHARMA,SURAT,18816.00
26-04-2025,WELLRATE MEDICAL & SURGICAL,SURAT,1996.00
28-04-2025,TOUCH SAFE SURGICAL (S),SURAT,2544.00
28-04-2025,HONEST SURGICAL & MEDICINES AGENCIES,SURAT,38438.00
28-04-2025,NITYAM SURGICAL AND COMPANY,SURAT,20026.00
28-04-2025,WELLRATE MEDICAL & SURGICAL,SURAT,5103.00
28-04-2025,BASIL DISTRIBUTORS,SURAT,13440.00
28-04-2025,THE PHARMA & SURGICAL,MORBI,9542.00
28-04-2025,THE PHARMA & SURGICAL,MORBI,2704.00
28-04-2025,SAI MEDICAL STORE (NEW),SURAT,4256.00
28-04-2025,SHREEJA MEDICAL AGENCY,VYARA,4743.00
28-04-2025,HONEST SURGICAL & MEDICINES AGENCIES,SURAT,47298.00
28-04-2025,JIGAR MEDICAL & SURGICAL AGENCY,SURAT,4508.00
28-04-2025,HONEST SURGICAL & MEDICINES AGENCIES,SURAT,30279.00
28-04-2025,TOUCH SAFE SURGICAL (S),SURAT,2307.00
29-04-2025,KARE SURGICAL(S),SURAT,9408.00
29-04-2025,SAI MEDICAL STORE (NEW),SURAT,5869.00
29-04-2025,SAI MEDICAL STORE (NEW),SURAT,4928.00
30-04-2025,MAKSON HEALTHCARE (SALE),SURAT,57550.00
30-04-2025,AMBIX HEALTHCARE LLP,MAHESANA,286902.00
30-04-2025,WELLRATE MEDICAL & SURGICAL,SURAT,4682.00
30-04-2025,SAI MEDICAL STORE (NEW),SURAT,1943.00
30-04-2025,JEEN SURGICAL,YAVATMAL,3394.00
30-04-2025,WELLRATE MEDICAL & SURGICAL,SURAT,3175.00
30-04-2025,SHREEJA MEDICAL AGENCY,VYARA,2030.00
01-05-2025,KAMREJ SURGICAL AGENCY,SURAT,17548.00
01-05-2025,KAMREJ SURGICAL AGENCY,SURAT,45758.00
02-05-2025,SAI MEDICAL STORE (NEW),SURAT,487.00
02-05-2025,SAI MEDICAL STORE (NEW),SURAT,6507.00
02-05-2025,KRISHNA SURGICAL S (VADODRA),VADODRA,20541.00
02-05-2025,K D PHARMA(NAVSARI),NAVSARI,2856.00
06-05-2025,APPLE MEDICINES,CHIKHLI,2016.00
07-05-2025,APPLE MEDICINES,CHIKHLI,9486.00
07-05-2025,VAHANVATI SURGICAL AGENCY,SURAT,10537.00
07-05-2025,HONEST SURGICAL & MEDICINES AGENCIES,SURAT,36960.00
07-05-2025,JIGAR MEDICAL & SURGICAL AGENCY,SURAT,3305.00
07-05-2025,SAI MEDICAL STORE (NEW),SURAT,4153.00
07-05-2025,NITYAM SURGICAL AND COMPANY,SURAT,30038.00
07-05-2025,RADHESHYAM MEDICAL AGENCY,BOTAD,38752.00
07-05-2025,WELLCARE DRUG DISTRIBUTORS (PALSAN),SURAT,4032.00
07-05-2025,DARSHAN TRADERS,SURAT,756.00
07-05-2025,CLADVIQ PHARMACEUTICALS PVT LTD(S),AHEMEDABAD,2289.00
07-05-2025,KAMREJ SURGICAL AGENCY,SURAT,9915.00
07-05-2025,PARAM DISTRIBUTORS,SURAT,1140.00
07-05-2025,JIGAR MEDICAL & SURGICAL AGENCY,SURAT,4788.00
07-05-2025,NAVKAR AGENCY,SURAT,4340.00
07-05-2025,HONEST SURGICAL & MEDICINES AGENCIES,SURAT,82248.00
07-05-2025,WELLCARE DRUG DISTRIBUTORS (PALSAN),SURAT,10104.00
07-05-2025,CLADVIQ PHARMACEUTICALS PVT LTD(S),AHEMEDABAD,2289.00
07-05-2025,KAMREJ SURGICAL AGENCY,SURAT,22330.00
07-05-2025,SAI PHARMA AND SURGICAL,NADED,343735.00
08-05-2025,WELLRATE MEDICAL & SURGICAL,SURAT,6048.00
08-05-2025,PAVAN MEDICAL AGENCY(VAPI),VAPI,28459.00
08-05-2025,SHREE SAMARTH VENTURES,VAPI,38940.00
08-05-2025,ROYAL PHARMACY(CNH),SURAT,6082.00
08-05-2025,UDAY SURGIPHARMA,SURAT,873.00
08-05-2025,WELLRATE MEDICAL & SURGICAL,SURAT,20460.00
08-05-2025,ROYAL PHARMACY(CNH),SURAT,4452.00
08-05-2025,UDAY SURGIPHARMA,SURAT,3478.00
09-05-2025,APPLE MEDICINES,CHIKHLI,2730.00
09-05-2025,KRISHANA SURGICAL AGENCY,JUNAGADH,6451.00
09-05-2025,CASH SURGICALS,,19085.00
09-05-2025,TOUCH SAFE SURGICAL (S),SURAT,3865.00
09-05-2025,SURAT SURGICALS,SURAT,2430.00
09-05-2025,UDAY SURGIPHARMA,SURAT,3586.00
10-05-2025,SANJIVANI HOSPITAL,SURAT,20108.00
10-05-2025,SANJIVANI AROGYA TRUST MEDICAL STORE,SURAT,937.00
10-05-2025,MARUTI MEDICARE,MUMBAI,12432.00
10-05-2025,PRADHAN MANTRI BHARTIYA JANAUSHADHI KE(N,NAVSARI,4032.00
10-05-2025,SHREE SAMARTH VENTURES,VAPI,4868.00
10-05-2025,WELLRATE MEDICAL & SURGICAL,SURAT,1682.00
10-05-2025,SAI MEDICAL STORE (NEW),SURAT,750.00
12-05-2025,KRISHNA SURGICAL S (VADODRA),VADODRA,20003.00
13-05-2025,PRADHAN MANTRI BHARTIYA JANAUSHADHI KE(N,NAVSARI,5967.00
13-05-2025,K D PHARMA(NAVSARI),NAVSARI,16999.00
13-05-2025,KRISHNA SURGICAL S (VADODRA),VADODRA,4001.00
13-05-2025,MAA CHANDRA PHARMA,SURAT,10761.00
13-05-2025,SAI MEDICAL STORE (NEW),SURAT,632.00
13-05-2025,JIGAR MEDICINES,SURAT,1226.00
13-05-2025,HONEST SURGICAL & MEDICINES AGENCIES,SURAT,37740.00
13-05-2025,WELLRATE MEDICAL & SURGICAL,SURAT,6289.00
14-05-2025,WELLRATE MEDICAL & SURGICAL,SURAT,3885.00
14-05-2025,HADRIANA PRIVAT LIMITED(S),SURAT,18928.00
14-05-2025,SAI MEDICAL STORE (NEW),SURAT,1982.00
14-05-2025,ANKIT DISTRIBUTERS,SURAT,3898.00
14-05-2025,PRADHAN MANTRI BHARTIYA JANAUSHADHI KE(N,NAVSARI,3584.00
14-05-2025,AMBIKA MEDICAL SURGICAL(BILIMORA),BILIMORA,1656.00
14-05-2025,SAI MEDICAL STORE (NEW),SURAT,4256.00
14-05-2025,WELLRATE MEDICAL & SURGICAL,SURAT,2856.00
14-05-2025,AMBIKA MEDICAL SURGICAL(BILIMORA),BILIMORA,4032.00
15-05-2025,FIND LIFE PHARMACEUTICAL,SURAT,0.00
15-05-2025,ZOTA HEALTH CARE LTD,SURAT,16464.00
15-05-2025,MITANSH SURGICAL,SURAT,3951.00
15-05-2025,MAKSON HEALTHCARE (SALE),SURAT,19031.00
15-05-2025,FIND LIFE PHARMACEUTICAL,SURAT,689136.00
15-05-2025,MADHAV MEDICAL AGENCY,SURAT,3898.00
15-05-2025,JIGAR MEDICAL & SURGICAL AGENCY,SURAT,6591.00
16-05-2025,MITANSH SURGICAL,SURAT,1755.00
16-05-2025,HONEST SURGICAL & MEDICINES AGENCIES,SURAT,9610.00
16-05-2025,SIGMA SURGICAL,SURAT,11894.00
16-05-2025,TOUCH SAFE SURGICAL (S),SURAT,9811.00
16-05-2025,HONEST SURGICAL & MEDICINES AGENCIES,SURAT,35575.00
17-05-2025,CRITICARE SYSTEM,SURAT,4234.00
17-05-2025,NIDAN X-RAY & SONOGRAPHU,SURAT,3360.00
17-05-2025,WELLRATE MEDICAL & SURGICAL,SURAT,4760.00
17-05-2025,PARTH MEDICAL AND SURGICAL,MODASA,3763.00
17-05-2025,WELLCARE DRUG DISTRIBUTORS (PALSAN),SURAT,33303.00
17-05-2025,PARTH MEDICAL AND SURGICAL,MODASA,2352.00
19-05-2025,JIGAR PHARMACY (NEW),SURAT,1109.00
19-05-2025,GODRIC PHARMACEUTICALS,MUMBAI,38062.00
19-05-2025,SAI MEDICAL STORE (NEW),SURAT,2240.00
19-05-2025,MAA CHANDRA PHARMA,SURAT,33650.00
20-05-2025,JIGAR MEDICINES,SURAT,1519.00
20-05-2025,WELLRATE MEDICAL & SURGICAL,SURAT,9486.00
20-05-2025,ZOTA HEALTH CARE LTD,SURAT,67200.00
20-05-2025,ZOTA HEALTH CARE LTD,SURAT,10920.00
20-05-2025,ANJANI PHARMA,VALSAD,14255.00
20-05-2025,UMA AGENCY,SURAT,4276.00
20-05-2025,SHREEJA MEDICAL AGENCY,VYARA,45273.00
20-05-2025,TOUCH SAFE SURGICAL (S),SURAT,9402.00
20-05-2025,WELLRATE MEDICAL & SURGICAL,SURAT,2436.00
21-05-2025,MAHARSHI TRADERS,SURAT,9735.00
21-05-2025,OM SURGICAL BARDOLI,BARDOLI,4894.00
21-05-2025,HONEST SURGICAL & MEDICINES AGENCIES,SURAT,18480.00
21-05-2025,SWISS MEDICAL STORES,SURAT,3709.00
21-05-2025,OM SURGICAL BARDOLI,BARDOLI,32269.00
21-05-2025,HONEST SURGICAL & MEDICINES AGENCIES,SURAT,118300.00
22-05-2025,JIGAR MEDICAL & SURGICAL AGENCY,SURAT,9486.00
22-05-2025,WELLRATE MEDICAL & SURGICAL,SURAT,7770.00
22-05-2025,WELLRATE MEDICAL & SURGICAL,SURAT,8044.00
22-05-2025,SAI MEDICAL STORE (NEW),SURAT,750.00
22-05-2025,WELLRATE MEDICAL & SURGICAL,SURAT,20644.00
22-05-2025,HONEST SURGICAL & MEDICINES AGENCIES,SURAT,28560.00
23-05-2025,PARSHWA MEDICAL & SURGICAL,SURAT,10752.00
23-05-2025,SHREE KRISHNA HEALTH CARE,SURAT,12902.00
23-05-2025,SHIV OM SURGICAL,VAPI,10752.00
23-05-2025,MAHARSHI TRADERS,SURAT,2006.00
23-05-2025,S.K.WEAVING PVT.LTD,SURAT,6608.00
23-05-2025,BRAVE TOOLS AGENCY,SURAT,5040.00
23-05-2025,GURUDEV ENTERPRISE,SURAT,6468.00
23-05-2025,SWISS MEDICAL STORES,SURAT,4301.00
23-05-2025,GURUDEV ENTERPRISE,SURAT,37085.00
23-05-2025,SRI SAI KRUPA AGENCIES,,166320.00
24-05-2025,THE PHARMA & SURGICAL,MORBI,9542.00
24-05-2025,TRILOKI MEDICAL STORE,ANKLESHWAR,30520.00
24-05-2025,HONEST SURGICAL & MEDICINES AGENCIES,SURAT,50887.00
24-05-2025,SRI SAI KRUPA AGENCIES,,532862.00
26-05-2025,ZOTA HEALTH CARE LTD,SURAT,30240.00
26-05-2025,MAA CHANDRA PHARMA,SURAT,28459.00
26-05-2025,ANKIT DISTRIBUTERS,SURAT,9744.00
26-05-2025,TOUCH SAFE SURGICAL (S),SURAT,21773.00
26-05-2025,PAL DISTRIBUTORS,VYARA,10500.00
26-05-2025,VARDHAMAN ENTERPRISE,VALSAD,47376.00
26-05-2025,K D PHARMA(NAVSARI),NAVSARI,12975.00
26-05-2025,PARAM DISTRIBUTORS,SURAT,21504.00
26-05-2025,SAI MEDICAL STORE (NEW),SURAT,4885.00
26-05-2025,PRADHAN MANTRI BHARTIYA JANAUSHADHI KE(N,NAVSARI,1025.00
26-05-2025,ADVANCED PHARMACY,SURAT,2828.00
26-05-2025,VARDHAMAN ENTERPRISE,VALSAD,215906.00
27-05-2025,HANUMANT CLINIC,SURAT,538.00
27-05-2025,UMA AGENCY,SURAT,2890.00
27-05-2025,MAKSON HEALTHCARE (SALE),SURAT,6814.00
27-05-2025,SIGMA SURGICAL,SURAT,11021.00
27-05-2025,HANUMANT CLINIC,SURAT,1604.00
27-05-2025,SAI PHARMA AND SURGICAL,NADED,40712.00
28-05-2025,SWISS MEDICAL STORES,SURAT,5564.00
28-05-2025,UMA AGENCY,SURAT,2782.00
28-05-2025,ADVANCED PHARMACY,SURAT,742.00
28-05-2025,SAI MEDICAL STORE (NEW),SURAT,750.00
28-05-2025,TVISHA MEDICAL AND SURGICAL (BHAVNAGAR),BHAVNAGAR,21718.00
29-05-2025,MAA CHANDRA PHARMA,SURAT,46071.00
30-05-2025,CLADVIQ PHARMACEUTICALS PVT LTD(S),AHEMEDABAD,5197.00
30-05-2025,HONEST SURGICAL & MEDICINES AGENCIES,SURAT,19219.00
30-05-2025,ARADHANA SURGI-TECH,SURAT,1949.00
30-05-2025,HONEST SURGICAL & MEDICINES AGENCIES,SURAT,33867.00
31-05-2025,ZOTA HEALTH CARE LTD,SURAT,26252.00
31-05-2025,HONEST SURGICAL & MEDICINES AGENCIES,SURAT,11088.00
31-05-2025,WELLRATE MEDICAL & SURGICAL,SURAT,4760.00
31-05-2025,SAI MEDICAL STORE (NEW),SURAT,1562.00
02-06-2025,AASTHA FASHION,SURAT,204120.00
02-06-2025,UMA AGENCY,SURAT,3629.00
02-06-2025,KAMREJ SURGICAL AGENCY,SURAT,19370.00
02-06-2025,SWISS MEDICAL STORES,SURAT,5564.00
02-06-2025,ZOTA HEALTH CARE LTD,SURAT,33600.00
02-06-2025,HANUMANT CLINIC,SURAT,1008.00
02-06-2025,HANUMANT CLINIC,SURAT,806.00
02-06-2025,KAMREJ SURGICAL AGENCY,SURAT,35093.00
02-06-2025,SAI PHARMA AND SURGICAL,NADED,95444.00
02-06-2025,SAI PHARMA AND SURGICAL,NADED,107410.00
02-06-2025,SAI PHARMA AND SURGICAL,NADED,32715.00
02-06-2025,SAI PHARMA AND SURGICAL,NADED,13255.00
02-06-2025,SAI PHARMA AND SURGICAL,NADED,97452.00
02-06-2025,SAI PHARMA AND SURGICAL,NADED,158122.00
02-06-2025,SAI PHARMA AND SURGICAL,NADED,47085.00
03-06-2025,SAI MEDICAL STORE (NEW),SURAT,1568.00
03-06-2025,APPLE MEDICINES,CHIKHLI,4032.00
03-06-2025,SAI SURGICAL(NAVSARI),NAVSARI,7476.00
03-06-2025,PARAM DISTRIBUTORS,SURAT,11498.00
03-06-2025,HONEST SURGICAL & MEDICINES AGENCIES,SURAT,11088.00
03-06-2025,HANUMANT CLINIC,SURAT,1408.00
03-06-2025,SAI MEDICAL STORE (NEW),SURAT,750.00
03-06-2025,VARDHAMAN ENTERPRISE,VALSAD,1542.00
03-06-2025,UDAY SURGIPHARMA,SURAT,2932.00
04-06-2025,PRADHAN MANTRI BHARTIYA JANAUSHADHI KE(N,NAVSARI,218.00
04-06-2025,SAI SURGICAL(NAVSARI),NAVSARI,9408.00
04-06-2025,NITYAM SURGICAL AND COMPANY,SURAT,40051.00
04-06-2025,U K ENTERPRISE,VALSAD,78400.00
04-06-2025,C Y PURE PTOTECT,VALSAD,39200.00
05-06-2025,SAI MEDICAL STORE (NEW),SURAT,4256.00
05-06-2025,HONEST SURGICAL & MEDICINES AGENCIES,SURAT,18480.00
05-06-2025,DR RIDHAM,SURAT,12002.00
05-06-2025,CLADVIQ PHARMACEUTICALS PVT LTD(S),AHEMEDABAD,6496.00
05-06-2025,SAI MEDICAL STORE (NEW),SURAT,22557.00
05-06-2025,HONEST SURGICAL & MEDICINES AGENCIES,SURAT,58484.00
05-06-2025,HANUMANT CLINIC,SURAT,1747.00
05-06-2025,SAI MEDICAL STORE (NEW),SURAT,1299.00
06-06-2025,SHREE SAMARTH VENTURES,VAPI,38940.00
06-06-2025,HANUMANT CLINIC,SURAT,437.00
06-06-2025,KAMREJ SURGICAL AGENCY,SURAT,10118.00
06-06-2025,KAMREJ SURGICAL AGENCY,SURAT,16186.00
07-06-2025,K D PHARMA(NAVSARI),NAVSARI,13734.00
07-06-2025,NITYAM SURGICAL AND COMPANY,SURAT,4166.00
07-06-2025,PRADHAN MANTRI BHARTIYA JANAUSHADHI KE(N,NAVSARI,2520.00
07-06-2025,KRISHNA CLINIC AND  NURSING HOME,SURAT,25900.00
09-06-2025,SWISS MEDICAL STORES,SURAT,3832.00
09-06-2025,FORAM HEALTHCARE,SURAT,19324.00
09-06-2025,KRISHANA SURGICAL AGENCY,JUNAGADH,2218.00
09-06-2025,KRISHNA CLINIC AND  NURSING HOME,SURAT,2982.00
09-06-2025,TAPI MEDICAL AGENCY,SURAT,1168.00
09-06-2025,KRISHNA SURGICAL S (VADODRA),VADODRA,20272.00
09-06-2025,GURUDEV ENTERPRISE,SURAT,35830.00
09-06-2025,NAVKAR AGENCY,SURAT,7459.00
10-06-2025,HANUMANT CLINIC,SURAT,1971.00
10-06-2025,ANJANI PHARMA,VALSAD,11122.00
10-06-2025,THE PHARMA & SURGICAL,MORBI,9542.00
10-06-2025,WELLRATE MEDICAL & SURGICAL,SURAT,7221.00
10-06-2025,JIGAR MEDICAL & SURGICAL AGENCY,SURAT,2829.00
10-06-2025,WELLRATE MEDICAL & SURGICAL,SURAT,19943.00
10-06-2025,SAI MEDICAL STORE (NEW),SURAT,595.00
10-06-2025,OM SURGICAL BARDOLI,BARDOLI,44862.00
11-06-2025,SWISS MEDICAL STORES,SURAT,11251.00
11-06-2025,C.K SURGICALS,GODHRA,9072.00
11-06-2025,TIRTHHAS INTERNATIONAL.,ANKLSHWAR,61236.00
11-06-2025,MAA CHANDRA PHARMA,SURAT,23629.00
11-06-2025,ATMIYA SCIENTIFIC TRADERS,RAJKOT,25350.00
11-06-2025,MAA CHANDRA PHARMA,SURAT,8904.00
11-06-2025,HONEST SURGICAL & MEDICINES AGENCIES,SURAT,40463.00
12-06-2025,MEDIPLUS DISTRIBUTORS,ANKLESHWAR,4301.00
12-06-2025,KHUSHI MEDICAL AGENCY,SURAT,10954.00
12-06-2025,JAYESH MEDICAL AGENCY (SURENDRANAGAR),SURENDRANAGAR,47712.00
12-06-2025,APPLE MEDICINES,CHIKHLI,5460.00
12-06-2025,SWISS MEDICAL STORES,SURAT,3832.00
12-06-2025,SAI MEDICAL STORE (NEW),SURAT,4308.00
12-06-2025,HONEST SURGICAL & MEDICINES AGENCIES,SURAT,11088.00
12-06-2025,KHUSHI MEDICAL AGENCY,SURAT,1781.00
13-06-2025,THE PHARMA & SURGICAL,MORBI,9542.00
13-06-2025,JIGAR MEDICINES,SURAT,3864.00
13-06-2025,WELLRATE MEDICAL & SURGICAL,SURAT,1626.00
13-06-2025,ZOTA HEALTH CARE LTD,SURAT,33600.00
13-06-2025,ORTHO SYSTEMS(S),SURAT,4166.00
13-06-2025,TOUCH SAFE SURGICAL (S),SURAT,7389.00
13-06-2025,SHREEJA MEDICAL AGENCY,VYARA,49560.00
13-06-2025,WELLRATE MEDICAL & SURGICAL,SURAT,1053.00
13-06-2025,SAI MEDICAL STORE (NEW),SURAT,5757.00
17-06-2025,MAA CHANDRA PHARMA,SURAT,9486.00
17-06-2025,TOUCH SAFE SURGICAL (S),SURAT,10886.00
17-06-2025,HONEST SURGICAL & MEDICINES AGENCIES,SURAT,38438.00
17-06-2025,RELIEF MEDICAL &SURGICAL,VAPI,4166.00
17-06-2025,PARSHWA MEDICAL & SURGICAL,SURAT,15053.00
17-06-2025,TOUCH SAFE SURGICAL (S),SURAT,10886.00
17-06-2025,APPLE MEDICINES,CHIKHLI,9486.00
17-06-2025,WELLRATE MEDICAL & SURGICAL,SURAT,6288.00
17-06-2025,SAI MEDICAL STORE (NEW),SURAT,1189.00
17-06-2025,GURUDEV ENTERPRISE,SURAT,31173.00
17-06-2025,HONEST SURGICAL & MEDICINES AGENCIES,SURAT,61930.00
17-06-2025,HONEST SURGICAL & MEDICINES AGENCIES,SURAT,15764.00
18-06-2025,ORTHO SYSTEMS(S),SURAT,4166.00
18-06-2025,VINAYAK SALES AGENCY,SURAT,9518.00
18-06-2025,JAY AMBE TRADERS,SURAT,4130.00
18-06-2025,HONEST SURGICAL & MEDICINES AGENCIES,SURAT,18480.00
18-06-2025,TOUCH SAFE SURGICAL (S),SURAT,3484.00
18-06-2025,KHUSHI MEDICAL AGENCY,SURAT,10528.00
18-06-2025,ANJANI PHARMA,VALSAD,2380.00
18-06-2025,RELIEF MEDICAL &SURGICAL,VAPI,4166.00
18-06-2025,HONEST SURGICAL & MEDICINES AGENCIES,SURAT,25239.00
18-06-2025,KHUSHI MEDICAL AGENCY,SURAT,3562.00
19-06-2025,SHREE KRISHNA HEALTH CARE,SURAT,10752.00
19-06-2025,ORIGIN DISTRIBUTOR,SURAT,5355.00
19-06-2025,WELLRATE MEDICAL & SURGICAL,SURAT,4032.00
19-06-2025,MAA CHANDRA PHARMA,SURAT,36178.00
19-06-2025,HANUMANT CLINIC,SURAT,616.00
19-06-2025,HANUMANT CLINIC,SURAT,392.00
19-06-2025,WELLRATE MEDICAL & SURGICAL,SURAT,17002.00
19-06-2025,HONEST SURGICAL & MEDICINES AGENCIES,SURAT,41947.00
19-06-2025,TVISHA SURGICAL,MAHUVA,18144.00
20-06-2025,BHAGAVATI MEDICAL AGENCY,DHANDUKA,2671.00
20-06-2025,HADRIANA PRIVAT LIMITED(S),SURAT,370.00
20-06-2025,HANUMANT CLINIC,SURAT,71.00
20-06-2025,SPRAY DRYING AND CHEMICALS PVT LTD,BHARUCH,6490.00
20-06-2025,NIRAMAY MEDICO,NAVSARI,3388.00
20-06-2025,JAY AMBE TRADERS,SURAT,3894.00
20-06-2025,MADHURAM IMAGING CENTER,BHARUCH,3696.00
20-06-2025,JIGAR MEDICINES,SURAT,6773.00
20-06-2025,AKSHAR DISTRIBUTORS,NAVSARI,29071.00
21-06-2025,UMA AGENCY,SURAT,2890.00
21-06-2025,SAI MEDICAL STORE (NEW),SURAT,632.00
21-06-2025,SAI MEDICAL STORE (NEW),SURAT,595.00
23-06-2025,SAI SURGICAL(NAVSARI),NAVSARI,5752.00
23-06-2025,MAA CHANDRA PHARMA,SURAT,4743.00
24-06-2025,HANUMANT CLINIC,SURAT,902.00
24-06-2025,APPLE MEDICINES,CHIKHLI,4570.00
24-06-2025,SAI MEDICAL STORE (NEW),SURAT,1301.00
25-06-2025,OM SURGICAL BARDOLI,BARDOLI,2352.00
25-06-2025,K D PHARMA(NAVSARI),NAVSARI,2865.00
25-06-2025,PRADHAN MANTRI BHARTIYA JANAUSHADHI KE(N,NAVSARI,3584.00
25-06-2025,VARDHAMAN ENTERPRISE,VALSAD,3458.00
25-06-2025,OM SURGICAL BARDOLI,BARDOLI,50187.00
25-06-2025,SAI PHARMA AND SURGICAL,NADED,250904.00
25-06-2025,SAI PHARMA AND SURGICAL,NADED,196560.00
26-06-2025,TOUCH SAFE SURGICAL (S),SURAT,7994.00
26-06-2025,KAMREJ SURGICAL AGENCY,SURAT,11101.00
26-06-2025,PRADHAN MANTRI BHARTIYA JANAUSHADHI KE(N,NAVSARI,2456.00
26-06-2025,ZOTA HEALTH CARE LTD,SURAT,26924.00
26-06-2025,KAMREJ SURGICAL AGENCY,SURAT,24749.00
26-06-2025,SAI MEDICAL STORE (NEW),SURAT,8396.00
27-06-2025,AKSHAR DISTRIBUTORS,NAVSARI,2198.00
28-06-2025,SAI MEDICAL STORE (NEW),SURAT,5869.00
28-06-2025,JIGAR MEDICAL & SURGICAL AGENCY,SURAT,2806.00
28-06-2025,TOUCH SAFE SURGICAL (S),SURAT,727.00
28-06-2025,PAL DISTRIBUTORS,VYARA,10500.00
28-06-2025,PRADHAN MANTRI BHARTIYA JANAUSHADHI KE(N,NAVSARI,963.00
28-06-2025,HONEST SURGICAL & MEDICINES AGENCIES,SURAT,28081.00
28-06-2025,TOUCH SAFE SURGICAL (S),SURAT,2943.00
28-06-2025,ADVANCED PHARMACY,SURAT,1498.00
30-06-2025,ROYAL PHARMACY(CNH),SURAT,1490.00
30-06-2025,HADRIANA PRIVAT LIMITED(S),SURAT,4741.00
30-06-2025,SAI MEDICAL STORE (NEW),SURAT,1196.00
30-06-2025,SAI MEDICAL STORE (NEW),SURAT,1299.00
30-06-2025,U.K. PHARMA,BIDAR,429814.00
01-07-2025,MADHAV MEDICAL AGENCY,SURAT,2210.00
01-07-2025,ANJANI PHARMA,VALSAD,2380.00
01-07-2025,NAVKAR AGENCY,SURAT,19162.00
01-07-2025,JIGAR MEDICAL & SURGICAL AGENCY,SURAT,949.00
01-07-2025,ANJANI PHARMA,VALSAD,5510.00
01-07-2025,MADHAV MEDICAL AGENCY,SURAT,2845.00
01-07-2025,NAVKAR AGENCY,SURAT,1814.00
02-07-2025,KAMREJ SURGICAL AGENCY,SURAT,3472.00
02-07-2025,WELLRATE MEDICAL & SURGICAL,SURAT,4435.00
02-07-2025,MADHUSUDAN AGENCY,VALSAD,38325.00
02-07-2025,KAMREJ SURGICAL AGENCY,SURAT,25146.00
02-07-2025,GURUDEV ENTERPRISE,SURAT,47974.00
02-07-2025,WELLRATE MEDICAL & SURGICAL,SURAT,924.00
03-07-2025,PARAM DISTRIBUTORS,SURAT,11655.00
03-07-2025,BIO-TECH DISTRIBUTORS,SURAT,359.00
03-07-2025,MITANSH SURGICAL,SURAT,3836.00
03-07-2025,HANUMANT CLINIC,SURAT,1852.00
03-07-2025,UMA AGENCY,SURAT,29.00
03-07-2025,HANUMANT CLINIC,SURAT,1769.00
04-07-2025,WELLRATE MEDICAL & SURGICAL,SURAT,13388.00
04-07-2025,NIRAMAY MEDICO,NAVSARI,20328.00
04-07-2025,KHUSHI MEDICAL AGENCY,SURAT,2064.00
04-07-2025,SAI MEDICAL STORE (NEW),SURAT,2240.00
04-07-2025,MAA CHANDRA PHARMA,SURAT,41508.00
04-07-2025,JAY AMBE TRADERS,SURAT,15576.00
04-07-2025,PARAM DISTRIBUTORS,SURAT,11655.00
04-07-2025,WELLRATE MEDICAL & SURGICAL,SURAT,22548.00
04-07-2025,SAI MEDICAL STORE (NEW),SURAT,750.00
05-07-2025,K D PHARMA(NAVSARI),NAVSARI,10192.00
05-07-2025,SHIVGANGA MEDICAL & GENERAL STORE,SURAT,784.00
05-07-2025,TVISHA MEDICAL AND SURGICAL (BHAVNAGAR),BHAVNAGAR,26305.00
07-07-2025,FIND LIFE PHARMACEUTICAL,SURAT,116928.00
07-07-2025,NITYAM SURGICAL AND COMPANY,SURAT,16065.00
07-07-2025,SIGMA SURGICAL,SURAT,3674.00
07-07-2025,JAY AMBE TRADERS,SURAT,19470.00
07-07-2025,ORANGE PHARMACY,NAVSARI,15540.00
07-07-2025,SWISS MEDICAL STORES,SURAT,2150.00
07-07-2025,NARAYANI ENTERPRISES (SALE),YAVATMAL,126000.00
07-07-2025,ROYAL PHARMACY(CNH),SURAT,13821.00
07-07-2025,AKSHAR DISTRIBUTORS,NAVSARI,2408.00
07-07-2025,K.P.DISTRIBUTORS,SURAT,1266.00
08-07-2025,TOUCH SAFE SURGICAL (S),SURAT,2447.00
08-07-2025,KHUSHI MEDICAL AGENCY,SURAT,12880.00
08-07-2025,ZOTA HEALTH CARE LTD,SURAT,30240.00
08-07-2025,SAI MEDICAL STORE (NEW),SURAT,3179.00
08-07-2025,DIAGNO PHARMA(S),SURAT,5096.00
08-07-2025,SAI MEDICAL STORE (NEW),SURAT,750.00
09-07-2025,PARAM DISTRIBUTORS,SURAT,11655.00
09-07-2025,ORTHO SYSTEMS(S),SURAT,4788.00
09-07-2025,HANSCURE LIESCIENCE PVT LTD,SURAT,986.00
09-07-2025,HANUMANT CLINIC,SURAT,2588.00
09-07-2025,SHREE MEDICAL AGENCY,SURAT,13798.00
09-07-2025,SAI MEDICAL STORE (NEW),SURAT,1379.00
09-07-2025,HONEST SURGICAL & MEDICINES AGENCIES,SURAT,36884.00
09-07-2025,NAVKAR AGENCY,SURAT,3730.00
09-07-2025,PRADHAN MANTRI BHARTIYA JANAUSHADHI KE(N,NAVSARI,10640.00
09-07-2025,KHUSHI MEDICAL AGENCY,SURAT,4620.00
10-07-2025,PARAM DISTRIBUTORS,SURAT,15540.00
10-07-2025,KAMREJ SURGICAL AGENCY,SURAT,6516.00
10-07-2025,MITANSH SURGICAL,SURAT,5042.00
10-07-2025,UMA AGENCY,SURAT,2206.00
10-07-2025,FORAM HEALTHCARE,SURAT,1704.00
10-07-2025,CLADVIQ PHARMACEUTICALS PVT LTD(S),AHEMEDABAD,4578.00
10-07-2025,KAMREJ SURGICAL AGENCY,SURAT,34944.00
10-07-2025,HONEST SURGICAL & MEDICINES AGENCIES,SURAT,1089.00
10-07-2025,HONEST SURGICAL & MEDICINES AGENCIES,SURAT,780.00
10-07-2025,ANJANI PHARMACARE PVTT LTD,VADODRA,4368.00
11-07-2025,MAA CHANDRA PHARMA,SURAT,16271.00
11-07-2025,SHREE SAMARTH VENTURES,VAPI,58410.00
11-07-2025,MAA CHANDRA PHARMA,SURAT,9009.00
11-07-2025,HONEST SURGICAL & MEDICINES AGENCIES,SURAT,986.00
11-07-2025,SAI MEDICAL STORE (NEW),SURAT,7683.00
11-07-2025,SRI SAI KRUPA AGENCIES,,305715.00
12-07-2025,ANJANI PHARMA,VALSAD,4658.00
12-07-2025,UMA AGENCY,SURAT,4337.00
12-07-2025,APPLE MEDICINES,CHIKHLI,5421.00
12-07-2025,ANJANI PHARMA,VALSAD,1947.00
12-07-2025,CLADVIQ PHARMACEUTICALS PVT LTD(S),AHEMEDABAD,6483.00
12-07-2025,UDAY SURGIPHARMA,SURAT,2198.00
12-07-2025,SHREE MEDICAL AGENCY,SURAT,3830.00
14-07-2025,WELLCARE DRUG DISTRIBUTORS (PALSAN),SURAT,9800.00
14-07-2025,SAI MEDICAL STORE (NEW),SURAT,596.00
14-07-2025,HONEST SURGICAL & MEDICINES AGENCIES,SURAT,19219.00
14-07-2025,THE PHARMA & SURGICAL,MORBI,19085.00
14-07-2025,WELLRATE MEDICAL & SURGICAL,SURAT,4032.00
14-07-2025,AEVIAS HEALTHCARE PRIVATE LTD,PATAN,23814.00
14-07-2025,JIGAR MEDICAL & SURGICAL AGENCY,SURAT,13524.00
14-07-2025,KRISHNA SURGICAL S (VADODRA),VADODRA,20541.00
14-07-2025,TOUCH SAFE SURGICAL (S),SURAT,2710.00
14-07-2025,JIGAR MEDICAL & SURGICAL AGENCY,SURAT,3192.00
14-07-2025,WELLCARE DRUG DISTRIBUTORS (PALSAN),SURAT,41762.00
14-07-2025,WELLRATE MEDICAL & SURGICAL,SURAT,20513.00
14-07-2025,HONEST SURGICAL & MEDICINES AGENCIES,SURAT,5779.00
14-07-2025,SHREE MEDICAL AGENCY,SURAT,17024.00
15-07-2025,DIAGNO PHARMA(S),SURAT,10248.00
15-07-2025,SAI MEDICAL STORE (NEW),SURAT,91.00
15-07-2025,NAVKAR AGENCY,SURAT,1814.00
15-07-2025,NARAYANI ENTERPRISES (SALE),YAVATMAL,184856.00
15-07-2025,K D PHARMA(NAVSARI),NAVSARI,21151.00
15-07-2025,PRADHAN MANTRI BHARTIYA JANAUSHADHI KE(N,NAVSARI,2749.00
15-07-2025,SAI MEDICAL STORE (NEW),SURAT,1196.00
15-07-2025,MAA CHANDRA PHARMA,SURAT,4676.00
15-07-2025,HANUMANT CLINIC,SURAT,1635.00
15-07-2025,HONEST SURGICAL & MEDICINES AGENCIES,SURAT,726.00
16-07-2025,HANUMANT CLINIC,SURAT,2050.00
16-07-2025,PRADHAN MANTRI BHARTIYA JANAUSHADHI KE(N,NAVSARI,10790.00
16-07-2025,AUM CLINICAL LABORATORY UDHNA,SURAT,8467.00
16-07-2025,ORANGE PHARMACY,NAVSARI,1277.00
16-07-2025,KHUSHI MEDICAL AGENCY,SURAT,11203.00
16-07-2025,SAI MEDICAL STORE (NEW),SURAT,3170.00
16-07-2025,MAA CHANDRA PHARMA,SURAT,8904.00
16-07-2025,MITANSH SURGICAL,SURAT,512.00
16-07-2025,SIGMA SURGICAL,SURAT,4256.00
16-07-2025,SHREEJA MEDICAL AGENCY,VYARA,38736.00
17-07-2025,MAA CHANDRA PHARMA,SURAT,12909.00
17-07-2025,TOUCH SAFE SURGICAL (S),SURAT,14496.00
17-07-2025,HONEST SURGICAL & MEDICINES AGENCIES,SURAT,31156.00
17-07-2025,HONEST SURGICAL & MEDICINES AGENCIES,SURAT,2594.00
18-07-2025,WELLRATE MEDICAL & SURGICAL,SURAT,8915.00
18-07-2025,TOUCH SAFE SURGICAL (S),SURAT,32659.00
18-07-2025,SWISS MEDICAL STORES,SURAT,8602.00
18-07-2025,SHIV OM SURGICAL,VAPI,10752.00
18-07-2025,SAI SURGICAL(NAVSARI),NAVSARI,9408.00
18-07-2025,MADHAV MEDICAL AGENCY,SURAT,1355.00
18-07-2025,WELLRATE MEDICAL & SURGICAL,SURAT,4659.00
18-07-2025,HONEST SURGICAL & MEDICINES AGENCIES,SURAT,12298.00
18-07-2025,SAI MEDICAL STORE (NEW),SURAT,3080.00
18-07-2025,ADVANCED PHARMACY,SURAT,756.00
18-07-2025,HONEST SURGICAL & MEDICINES AGENCIES,SURAT,3780.00
19-07-2025,NITYAM SURGICAL AND COMPANY,SURAT,40051.00
19-07-2025,JIGAR PHARMACY (NEW),SURAT,2741.00
19-07-2025,JIGAR MEDICINES,SURAT,969.00
19-07-2025,HONEST SURGICAL & MEDICINES AGENCIES,SURAT,18480.00
19-07-2025,MEDIPLUS DISTRIBUTORS,ANKLESHWAR,2150.00
19-07-2025,SPRAY DRYING AND CHEMICALS PVT LTD,BHARUCH,5192.00
19-07-2025,SAI MEDICAL STORE (NEW),SURAT,8064.00
19-07-2025,P G PHARMA,VALSAD,11290.00
19-07-2025,ADVANCED PHARMACY,SURAT,2072.00
19-07-2025,HONEST SURGICAL & MEDICINES AGENCIES,SURAT,3318.00
21-07-2025,HANUMANT CLINIC,SURAT,4486.00
21-07-2025,VINAYAK SALES AGENCY,SURAT,10198.00
21-07-2025,DIAGNO PHARMA(S),SURAT,10248.00
21-07-2025,NAVKAR AGENCY,SURAT,1814.00
21-07-2025,P G PHARMA,VALSAD,246.00
21-07-2025,HANUMANT CLINIC,SURAT,2454.00
21-07-2025,ADVANCED PHARMACY,SURAT,2072.00
21-07-2025,GURUDEV ENTERPRISE,SURAT,62396.00
21-07-2025,DIAGNO PHARMA(S),SURAT,5096.00
21-07-2025,NAVKAR AGENCY,SURAT,3830.00
22-07-2025,SAI MEDICAL STORE (NEW),SURAT,2843.00
22-07-2025,NAVKAR AGENCY,SURAT,9072.00
22-07-2025,SAI MEDICAL STORE (NEW),SURAT,1472.00
22-07-2025,OM SURGICAL BARDOLI,BARDOLI,3898.00
22-07-2025,SAI MEDICAL STORE (NEW),SURAT,5006.00
22-07-2025,PRADHAN MANTRI BHARTIYA JANAUSHADHI KE(N,NAVSARI,1470.00
22-07-2025,OM SURGICAL BARDOLI,BARDOLI,36127.00
23-07-2025,SHREE HARI SURGICAL,SURAT,10752.00
23-07-2025,JIGAR MEDICAL & SURGICAL AGENCY,SURAT,2921.00
23-07-2025,HONEST SURGICAL & MEDICINES AGENCIES,SURAT,14184.00
23-07-2025,KRISHNA CLINIC AND  NURSING HOME,SURAT,26454.00
24-07-2025,CLADVIQ PHARMACEUTICALS PVT LTD(S),AHEMEDABAD,56448.00
24-07-2025,WELLCARE DRUG DISTRIBUTORS (PALSAN),SURAT,2688.00
24-07-2025,GURUDEV ENTERPRISE,SURAT,1232.00
24-07-2025,SHREEJA MEDICAL AGENCY,VYARA,3388.00
24-07-2025,SAI MEDICAL STORE (NEW),SURAT,14493.00
24-07-2025,BASIL DISTRIBUTORS,SURAT,9072.00
24-07-2025,ROYAL PHARMACY(CNH),SURAT,636.00
24-07-2025,WELLCARE DRUG DISTRIBUTORS (PALSAN),SURAT,54307.00
24-07-2025,SAI MEDICAL STORE (NEW),SURAT,2524.00
25-07-2025,HANSCURE LIESCIENCE PVT LTD,SURAT,16000.00
25-07-2025,ZOTA HEALTH CARE LTD,SURAT,30240.00
25-07-2025,WELLRATE MEDICAL & SURGICAL,SURAT,2065.00
25-07-2025,JEEN SURGICAL,YAVATMAL,20790.00
25-07-2025,NAVKAR AGENCY,SURAT,11854.00
25-07-2025,HONEST SURGICAL & MEDICINES AGENCIES,SURAT,6636.00
25-07-2025,NAVKAR AGENCY,SURAT,4564.00
25-07-2025,WELLRATE MEDICAL & SURGICAL,SURAT,17349.00
25-07-2025,DARSHAN TRADERS,SURAT,12219.00
25-07-2025,TOUCH SAFE SURGICAL (S),SURAT,7314.00
26-07-2025,SAI SURGICAL(NAVSARI),NAVSARI,3069.00
26-07-2025,KHUSHI MEDICAL AGENCY,SURAT,2890.00
26-07-2025,CLADVIQ PHARMACEUTICALS PVT LTD(S),AHEMEDABAD,5443.00
26-07-2025,ZOTA HEALTH CARE LTD,SURAT,71400.00
26-07-2025,K D PHARMA(NAVSARI),NAVSARI,1355.00
26-07-2025,SAI MEDICAL STORE (NEW),SURAT,5555.00
28-07-2025,KAMREJ SURGICAL AGENCY,SURAT,27452.00
28-07-2025,KAMREJ SURGICAL AGENCY,SURAT,2268.00
28-07-2025,CLADVIQ PHARMACEUTICALS PVT LTD(S),AHEMEDABAD,8854.00
28-07-2025,JIGAR MEDICAL & SURGICAL AGENCY,SURAT,2033.00
28-07-2025,HANUMANT CLINIC,SURAT,2363.00
28-07-2025,NAVKAR AGENCY,SURAT,19162.00
28-07-2025,KAMREJ SURGICAL AGENCY,SURAT,34080.00
28-07-2025,MITANSH SURGICAL,SURAT,4480.00
28-07-2025,HANUMANT CLINIC,SURAT,2363.00
29-07-2025,SAI MEDICAL STORE (NEW),SURAT,7839.00
29-07-2025,HONEST SURGICAL & MEDICINES AGENCIES,SURAT,18480.00
29-07-2025,HARIOM SURGICARE,HIMMATNAGAR,18816.00
29-07-2025,SHREE HARI SURGICAL,SURAT,315.00
29-07-2025,MAA CHANDRA PHARMA,SURAT,17084.00
29-07-2025,HANUMANT CLINIC,SURAT,896.00
29-07-2025,SHREE MEDICAL AGENCY,SURAT,12096.00
29-07-2025,HONEST SURGICAL & MEDICINES AGENCIES,SURAT,28855.00
29-07-2025,SHREE HARI SURGICAL,SURAT,376.00
29-07-2025,SAI MEDICAL STORE (NEW),SURAT,6569.00
30-07-2025,SAI MEDICAL STORE (NEW),SURAT,1982.00
30-07-2025,GURUDEV ENTERPRISE,SURAT,25104.00
30-07-2025,TOUCH SAFE SURGICAL (S),SURAT,6521.00
31-07-2025,WELLRATE MEDICAL & SURGICAL,SURAT,2218.00
31-07-2025,SHREE KRISHNA HEALTH CARE,SURAT,40320.00
31-07-2025,PARAM DISTRIBUTORS,SURAT,10752.00
31-07-2025,WELLRATE MEDICAL & SURGICAL,SURAT,907.00
31-07-2025,SURAT SURGICALS,SURAT,6115.00
31-07-2025,HANUMANT CLINIC,SURAT,1684.00
31-07-2025,SAI MEDICAL STORE (NEW),SURAT,1394.00
31-07-2025,JIGAR PHARMACY (NEW),SURAT,1233.00
31-07-2025,JIGAR MEDICINES,SURAT,2335.00
31-07-2025,JIGAR MEDICINES,SURAT,4004.00
31-07-2025,WELLRATE MEDICAL & SURGICAL,SURAT,3632.00
31-07-2025,HONEST SURGICAL & MEDICINES AGENCIES,SURAT,3084.00
31-07-2025,SAI PHARMA AND SURGICAL,NADED,378074.00
01-08-2025,HONEST SURGICAL & MEDICINES AGENCIES,SURAT,96096.00
01-08-2025,NAVKAR AGENCY,SURAT,9072.00
01-08-2025,SAI MEDICAL STORE (NEW),SURAT,2240.00
01-08-2025,UMA AGENCY,SURAT,732.00
01-08-2025,HANUMANT CLINIC,SURAT,659.00
01-08-2025,TOUCH SAFE SURGICAL (S),SURAT,2597.00
01-08-2025,WELLRATE MEDICAL & SURGICAL,SURAT,4906.00
01-08-2025,FORAM DISTRIBUTOR,SURAT,597744.00
02-08-2025,GURUDEV ENTERPRISE,SURAT,2498.00
02-08-2025,ANJANI PHARMA,VALSAD,2430.00
02-08-2025,MITANSH SURGICAL,SURAT,4558.00
02-08-2025,KAVYA DISTRIBUTORS (S),SURAT,9072.00
02-08-2025,SAI MEDICAL STORE (NEW),SURAT,4785.00
02-08-2025,GURUDEV ENTERPRISE,SURAT,12000.00
02-08-2025,HONEST SURGICAL & MEDICINES AGENCIES,SURAT,207357.00
04-08-2025,WELLRATE MEDICAL & SURGICAL,SURAT,1626.00
04-08-2025,FORAM DISTRIBUTOR,SURAT,122720.00
04-08-2025,VARDHAMAN ENTERPRISE,VALSAD,28426.00
04-08-2025,VARDHAMAN ENTERPRISE,VALSAD,28426.00
04-08-2025,HEALTHCARE PHARMA,NAVSARI,2081.00
04-08-2025,ROYAL PHARMACY(CNH),SURAT,5914.00
04-08-2025,WELLRATE MEDICAL & SURGICAL,SURAT,907.00
04-08-2025,SAI MEDICAL STORE (NEW),SURAT,7061.00
04-08-2025,WELLRATE MEDICAL & SURGICAL,SURAT,17088.00
04-08-2025,TOUCH SAFE SURGICAL (S),SURAT,2307.00
04-08-2025,TVISHA MEDICAL AND SURGICAL (BHAVNAGAR),BHAVNAGAR,21473.00
04-08-2025,HONEST SURGICAL & MEDICINES AGENCIES,SURAT,1734.00
04-08-2025,HEALTHCARE PHARMA,NAVSARI,28144.00
04-08-2025,VARDHAMAN ENTERPRISE,VALSAD,109272.00
04-08-2025,VARDHAMAN ENTERPRISE,VALSAD,114789.00
04-08-2025,ROYAL PHARMACY(CNH),SURAT,24702.00
05-08-2025,OM SURGICAL BARDOLI,BARDOLI,4704.00
05-08-2025,MEDIPLUS DISTRIBUTORS,ANKLESHWAR,4301.00
05-08-2025,SAI MEDICAL STORE (NEW),SURAT,1743.00
05-08-2025,OM SURGICAL BARDOLI,BARDOLI,33007.00
05-08-2025,HONEST SURGICAL & MEDICINES AGENCIES,SURAT,12494.00
05-08-2025,HANUMANT CLINIC,SURAT,1638.00
06-08-2025,SAI MEDICAL STORE (NEW),SURAT,5869.00
06-08-2025,PRADHAN MANTRI BHARTIYA JANAUSHADHI KE(N,NAVSARI,7933.00
06-08-2025,TOUCH SAFE SURGICAL (S),SURAT,32659.00
06-08-2025,ANJANI PHARMA,VALSAD,5510.00
06-08-2025,KHUSHI MEDICAL AGENCY,SURAT,5810.00
06-08-2025,FORAM HEALTHCARE,SURAT,252.00
06-08-2025,P G PHARMA,VALSAD,2100.00
06-08-2025,JIGAR MEDICAL & SURGICAL AGENCY,SURAT,678.00
06-08-2025,PAL DISTRIBUTORS,VYARA,10500.00
06-08-2025,JIGAR MEDICINES,SURAT,2352.00
06-08-2025,TVISHA MEDICAL AND SURGICAL (BHAVNAGAR),BHAVNAGAR,11962.00
06-08-2025,SAI MEDICAL STORE (NEW),SURAT,3002.00
06-08-2025,FORAM HEALTHCARE,SURAT,1456.00
07-08-2025,ZOTA HEALTH CARE LTD,SURAT,67200.00
07-08-2025,SAI MEDICAL STORE (NEW),SURAT,3360.00
07-08-2025,SHREE HARI SURGICAL,SURAT,2016.00
07-08-2025,FORAM HEALTHCARE,SURAT,3938.00
07-08-2025,MANN PHARMA,SURAT,11760.00
07-08-2025,K D PHARMA(NAVSARI),NAVSARI,21168.00
07-08-2025,HONEST SURGICAL & MEDICINES AGENCIES,SURAT,22176.00
07-08-2025,HANUMANT CLINIC,SURAT,683.00
07-08-2025,SAI MEDICAL STORE (NEW),SURAT,13919.00
07-08-2025,SAI MEDICAL STORE (NEW),SURAT,10282.00
07-08-2025,SHREE HARI SURGICAL,SURAT,376.00
07-08-2025,CLADVIQ PHARMACEUTICALS PVT LTD(S),AHEMEDABAD,1781.00
07-08-2025,HANUMANT CLINIC,SURAT,546.00
08-08-2025,SWISS MEDICAL STORES,SURAT,4301.00
08-08-2025,SHREE SAMARTH VENTURES,VAPI,58410.00
08-08-2025,SHREE KRISHNA SURGICAL,SURAT,7840.00
08-08-2025,SURAT MUNICIPAL CORPORATION,SURAT,1287955.00
08-08-2025,WELLRATE MEDICAL & SURGICAL,SURAT,2050.00
08-08-2025,WELLRATE MEDICAL & SURGICAL,SURAT,4435.00
08-08-2025,AUM CLINICAL LABORATORY PANDESARA,SURAT,5927.00
08-08-2025,SAI MEDICAL STORE (NEW),SURAT,1792.00
08-08-2025,HANUMANT CLINIC,SURAT,1076.00
08-08-2025,HONEST SURGICAL & MEDICINES AGENCIES,SURAT,14567.00
08-08-2025,WELLRATE MEDICAL & SURGICAL,SURAT,7432.00
11-08-2025,KAVYA DISTRIBUTORS (S),SURAT,9072.00
11-08-2025,SHIV OM SURGICAL,VAPI,10752.00
11-08-2025,MAA CHANDRA PHARMA,SURAT,36484.00
11-08-2025,HANUMANT CLINIC,SURAT,431.00
11-08-2025,ZOTA HEALTH CARE LTD,SURAT,31241.00
11-08-2025,ADVANCED PHARMACY,SURAT,1498.00
11-08-2025,TOUCH SAFE SURGICAL (S),SURAT,4686.00
12-08-2025,KAMREJ SURGICAL AGENCY,SURAT,27099.00
12-08-2025,MANN PHARMA,SURAT,1855.00
12-08-2025,KAMREJ SURGICAL AGENCY,SURAT,14618.00
12-08-2025,PRADHAN MANTRI BHARTIYA JANAUSHADHI KE(N,NAVSARI,10640.00
12-08-2025,NAVKAR AGENCY,SURAT,5678.00
13-08-2025,SWISS MEDICAL STORES,SURAT,4301.00
13-08-2025,VASURA MEDICAL AGENCIES(S),SURAT,25725.00
13-08-2025,UMA AGENCY,SURAT,2167.00
13-08-2025,WELLRATE MEDICAL & SURGICAL,SURAT,9652.00
13-08-2025,A.R.MEDICO(SALE),SURAT,1624.00
14-08-2025,SURAT MUNICIPAL CORPORATION,SURAT,509600.00
14-08-2025,KAVYA DISTRIBUTORS (S),SURAT,18144.00
14-08-2025,GURUDEV ENTERPRISE,SURAT,1840.00
14-08-2025,HONEST SURGICAL & MEDICINES AGENCIES,SURAT,538.00
14-08-2025,PRADHAN MANTRI BHARTIYA JANAUSHADHI KE(N,NAVSARI,38034.00
14-08-2025,GURUDEV ENTERPRISE,SURAT,39832.00
15-08-2025,NIDAN X-RAY & SONOGRAPHU,SURAT,1680.00
15-08-2025,DHANLAXMI MEDI(UDHNA),SURAT,2856.00
15-08-2025,WELLCARE DRUG DISTRIBUTORS (PALSAN),SURAT,34125.00
15-08-2025,HANUMANT CLINIC,SURAT,1159.00
18-08-2025,NITYAM SURGICAL AND COMPANY,SURAT,40051.00
18-08-2025,TOUCH SAFE SURGICAL (S),SURAT,702.00
18-08-2025,WELLRATE MEDICAL & SURGICAL,SURAT,10164.00
18-08-2025,JIGAR MEDICAL & SURGICAL AGENCY,SURAT,15926.00
18-08-2025,MAA CHANDRA PHARMA,SURAT,10164.00
18-08-2025,NIRAMAY MEDICO,NAVSARI,10164.00
18-08-2025,APPLE MEDICINES,CHIKHLI,10164.00
18-08-2025,DIAGNO PHARMA(S),SURAT,7146.00
18-08-2025,SHREEJA MEDICAL AGENCY,VYARA,3388.00
18-08-2025,PARAM DISTRIBUTORS,SURAT,10752.00
18-08-2025,PARAM DISTRIBUTORS,SURAT,1112.00
18-08-2025,SPRAY DRYING AND CHEMICALS PVT LTD,BHARUCH,4413.00
18-08-2025,SAI MEDICAL STORE (NEW),SURAT,14493.00
18-08-2025,NAVKAR AGENCY,SURAT,11668.00
18-08-2025,WELLRATE MEDICAL & SURGICAL,SURAT,21902.00
18-08-2025,SAI MEDICAL STORE (NEW),SURAT,6981.00
19-08-2025,K D PHARMA(NAVSARI),NAVSARI,25820.00
19-08-2025,NAVKAR AGENCY,SURAT,9072.00
19-08-2025,TOUCH SAFE SURGICAL (S),SURAT,32659.00
19-08-2025,HONEST SURGICAL & MEDICINES AGENCIES,SURAT,5779.00
20-08-2025,SAI MEDICAL STORE (NEW),SURAT,1743.00
20-08-2025,KAMREJ SURGICAL AGENCY,SURAT,12357.00
20-08-2025,RELIEF MEDICAL &SURGICAL,VAPI,8333.00
20-08-2025,PRADHAN MANTRI BHARTIYA JANAUSHADHI KE(N,NAVSARI,3441.00
20-08-2025,KAMREJ SURGICAL AGENCY,SURAT,21919.00
20-08-2025,HONEST SURGICAL & MEDICINES AGENCIES,SURAT,5695.00
20-08-2025,NAVKAR AGENCY,SURAT,12067.00
20-08-2025,SAI MEDICAL STORE (NEW),SURAT,5197.00
20-08-2025,SRI SAI KRUPA AGENCIES,,408876.00
21-08-2025,VINAYAK SALES AGENCY,SURAT,1360.00
21-08-2025,KRISHNA SURGICAL S (VADODRA),VADODRA,24273.00
21-08-2025,CASH SURGICALS,,9352.00
21-08-2025,THE PHARMA & SURGICAL,MORBI,9542.00
22-08-2025,HANSCURE LIESCIENCE PVT LTD,SURAT,28800.00
22-08-2025,KARE SURGICAL(S),SURAT,6115.00
22-08-2025,VINAYAK SALES AGENCY,SURAT,9518.00
22-08-2025,MAA CHANDRA PHARMA,SURAT,29579.00
22-08-2025,PAVAN MEDICAL AGENCY(VAPI),VAPI,9486.00
22-08-2025,JIGAR MEDICAL & SURGICAL AGENCY,SURAT,9486.00
22-08-2025,MITANSH SURGICAL,SURAT,5927.00
22-08-2025,REMEDIO-ABH HEALTHCARE,SURAT,504.00
22-08-2025,AUM CLINICAL LABORATORY PANDESARA,SURAT,8467.00
22-08-2025,NAVKAR AGENCY,SURAT,1142.00
22-08-2025,MITANSH SURGICAL,SURAT,1971.00
22-08-2025,SIGMA SURGICAL,SURAT,5510.00
22-08-2025,SHREE KRISHNA SURGICAL,SURAT,2016.00
23-08-2025,SAI SURGICAL(NAVSARI),NAVSARI,15380.00
23-08-2025,HANUMANT CLINIC,SURAT,3055.00
23-08-2025,MAHAVIR PHARMA (NAVSARI),NAVSARI,15053.00
23-08-2025,DR RIDHAM,SURAT,8001.00
23-08-2025,SWISS MEDICAL STORES,SURAT,4301.00
23-08-2025,WELLCARE DRUG DISTRIBUTORS (PALSAN),SURAT,1708.00
23-08-2025,SURAT MUNICIPAL CORPORATION,SURAT,188003.00
23-08-2025,HANUMANT CLINIC,SURAT,546.00
23-08-2025,MAHAVIR PHARMA (NAVSARI),NAVSARI,7526.00
23-08-2025,SAI MEDICAL STORE (NEW),SURAT,2602.00
23-08-2025,GURUDEV ENTERPRISE,SURAT,40632.00
25-08-2025,SAI MEDICAL STORE (NEW),SURAT,4581.00
25-08-2025,GURUDEV ENTERPRISE,SURAT,8725.00
25-08-2025,MAHAVIR PHARMA (NAVSARI),NAVSARI,36288.00
25-08-2025,KHUSHI MEDICAL AGENCY,SURAT,21482.00
25-08-2025,ANJANI PHARMA,VALSAD,19936.00
25-08-2025,PARAM DISTRIBUTORS,SURAT,10752.00
26-08-2025,TOUCH SAFE SURGICAL (S),SURAT,9919.00
26-08-2025,WELLRATE MEDICAL & SURGICAL,SURAT,2218.00
26-08-2025,WELLRATE MEDICAL & SURGICAL,SURAT,5734.00
26-08-2025,JAANVI ENTERPRISE,VADODARA,28982.00
26-08-2025,SHREENATHJI MEDICAL AGENCY,VAPI,6048.00
26-08-2025,MITANSH SURGICAL,SURAT,1918.00
26-08-2025,PRADHAN MANTRI BHARTIYA JANAUSHADHI KE(N,NAVSARI,2128.00
26-08-2025,TOUCH SAFE SURGICAL (S),SURAT,8842.00
26-08-2025,WELLRATE MEDICAL & SURGICAL,SURAT,10828.00
26-08-2025,SHREEJA MEDICAL AGENCY,VYARA,59556.00
26-08-2025,MITANSH SURGICAL,SURAT,13619.00
27-08-2025,ZOTA HEALTH CARE LTD,SURAT,67200.00
27-08-2025,ORIGIN DISTRIBUTOR,SURAT,5355.00
27-08-2025,SHREENATHJI MEDICAL AGENCY,VAPI,5145.00
27-08-2025,MAA CHANDRA PHARMA,SURAT,40481.00
27-08-2025,MAA CHANDRA PHARMA,SURAT,1770.00
27-08-2025,NAVKAR AGENCY,SURAT,1814.00
27-08-2025,HONEST SURGICAL & MEDICINES AGENCIES,SURAT,15336.00
27-08-2025,MAA CHANDRA PHARMA,SURAT,8904.00
28-08-2025,SAI MEDICAL STORE (NEW),SURAT,2240.00
28-08-2025,JIGAR MEDICAL & SURGICAL AGENCY,SURAT,4511.00
28-08-2025,SAI MEDICAL STORE (NEW),SURAT,4256.00
28-08-2025,A.R.MEDICO(SALE),SURAT,1624.00
28-08-2025,SAI PHARMA AND SURGICAL,NADED,294946.00
29-08-2025,HOSPITAL CARE,SURAT,5537.00
29-08-2025,PRADHAN MANTRI BHARTIYA JANAUSHADHI KE(N,NAVSARI,1865.00
29-08-2025,S.K.WEAVING PVT.LTD,SURAT,4956.00
29-08-2025,NAVKAR AGENCY,SURAT,12729.00
29-08-2025,SAI PHARMA AND SURGICAL,NADED,421220.00
30-08-2025,SAI MEDICAL STORE (NEW),SURAT,5869.00
30-08-2025,PAL DISTRIBUTORS,VYARA,4189.00
30-08-2025,PARAM DISTRIBUTORS,SURAT,1247.00
30-08-2025,KRISHANA SURGICAL AGENCY,JUNAGADH,2218.00
30-08-2025,SHREE HARI SURGICAL,SURAT,753.00
01-09-2025,SHIV OM SURGICAL,VAPI,10752.00
01-09-2025,WELLRATE MEDICAL & SURGICAL,SURAT,1355.00
01-09-2025,KAMREJ SURGICAL AGENCY,SURAT,19572.00
01-09-2025,SAI SURGICAL(NAVSARI),NAVSARI,6776.00
01-09-2025,MAA CHANDRA PHARMA,SURAT,29510.00
01-09-2025,KAMREJ SURGICAL AGENCY,SURAT,4570.00
01-09-2025,APPLE MEDICINES,CHIKHLI,9486.00
01-09-2025,SHREE HARI SURGICAL,SURAT,10752.00
01-09-2025,PRADHAN MANTRI BHARTIYA JANAUSHADHI KE(N,NAVSARI,1966.00
01-09-2025,WELLRATE MEDICAL & SURGICAL,SURAT,17335.00
01-09-2025,KAMREJ SURGICAL AGENCY,SURAT,32312.00
01-09-2025,HONEST SURGICAL & MEDICINES AGENCIES,SURAT,3360.00
01-09-2025,SAI MEDICAL STORE (NEW),SURAT,6197.00
02-09-2025,SWISS MEDICAL STORES,SURAT,5564.00
02-09-2025,K D PHARMA(NAVSARI),NAVSARI,9360.00
02-09-2025,WELLRATE MEDICAL & SURGICAL,SURAT,9486.00
02-09-2025,WELLRATE MEDICAL & SURGICAL,SURAT,6048.00
02-09-2025,JAYESH MEDICAL AGENCY (SURENDRANAGAR),SURENDRANAGAR,80640.00
02-09-2025,HONEST SURGICAL & MEDICINES AGENCIES,SURAT,18438.00
02-09-2025,WELLRATE MEDICAL & SURGICAL,SURAT,2106.00
02-09-2025,GURUDEV ENTERPRISE,SURAT,47983.00
03-09-2025,GURUDEV ENTERPRISE,SURAT,1232.00
03-09-2025,HANUMANT CLINIC,SURAT,896.00
03-09-2025,NITYAM SURGICAL AND COMPANY,SURAT,16065.00
03-09-2025,K D PHARMA(NAVSARI),NAVSARI,11026.00
03-09-2025,WELLRATE MEDICAL & SURGICAL,SURAT,2436.00
03-09-2025,HANUMANT CLINIC,SURAT,1159.00
04-09-2025,ZOTA HEALTH CARE LTD,SURAT,30240.00
04-09-2025,HANUMANT CLINIC,SURAT,342.00
04-09-2025,AUM CLINICAL LABORATORY PANDESARA,SURAT,8467.00
04-09-2025,THE PHARMA & SURGICAL,MORBI,18749.00
04-09-2025,PRADHAN MANTRI BHARTIYA JANAUSHADHI KE(N,NAVSARI,7757.00
04-09-2025,ANJANI PHARMA,VALSAD,7703.00
04-09-2025,NAVKAR AGENCY,SURAT,4670.00
04-09-2025,HANUMANT CLINIC,SURAT,546.00
05-09-2025,ZOTA HEALTH CARE LTD,SURAT,35744.00
05-09-2025,KAVYA DISTRIBUTORS (S),SURAT,9072.00
05-09-2025,WELLCARE DRUG DISTRIBUTORS (PALSAN),SURAT,3315.00
05-09-2025,NAVKAR AGENCY,SURAT,7258.00
05-09-2025,AUM CLINICAL LABORATORY UDHNA,SURAT,8467.00
05-09-2025,HANUMANT CLINIC,SURAT,1971.00
05-09-2025,HONEST SURGICAL & MEDICINES AGENCIES,SURAT,780.00
05-09-2025,WELLCARE DRUG DISTRIBUTORS (PALSAN),SURAT,39771.00
05-09-2025,NAVKAR AGENCY,SURAT,8904.00
08-09-2025,HANUMANT CLINIC,SURAT,1327.00
08-09-2025,SHREE SAMARTH VENTURES,VAPI,58410.00
08-09-2025,SAI MEDICAL STORE (NEW),SURAT,2762.00
08-09-2025,TOUCH SAFE SURGICAL (S),SURAT,21773.00
08-09-2025,PARSHWA MEDICAL & SURGICAL,SURAT,6451.00
08-09-2025,HANSCURE LIESCIENCE PVT LTD,SURAT,11200.00
08-09-2025,SHREE HARI SURGICAL,SURAT,2419.00
09-09-2025,ZOTA HEALTH CARE LTD,SURAT,62720.00
09-09-2025,MAA CHANDRA PHARMA,SURAT,13479.00
09-09-2025,WELLRATE MEDICAL & SURGICAL,SURAT,4435.00
09-09-2025,WELLRATE MEDICAL & SURGICAL,SURAT,1939.00
09-09-2025,HADRIANA PRIVAT LIMITED(S),SURAT,376.00
09-09-2025,JIGAR MEDICINES,SURAT,383.00
09-09-2025,TOUCH SAFE SURGICAL (S),SURAT,162400.00
09-09-2025,K D PHARMA(NAVSARI),NAVSARI,8154.00
09-09-2025,MAHAVIR PHARMA (NAVSARI),NAVSARI,36288.00
09-09-2025,WELLRATE MEDICAL & SURGICAL,SURAT,4746.00
09-09-2025,SHREEJA MEDICAL AGENCY,VYARA,39368.00
10-09-2025,PARAM DISTRIBUTORS,SURAT,7258.00
10-09-2025,SAI MEDICAL STORE (NEW),SURAT,930.00
11-09-2025,PARAM DISTRIBUTORS,SURAT,302.00
11-09-2025,NAVKAR AGENCY,SURAT,10752.00
11-09-2025,KAMREJ SURGICAL AGENCY,SURAT,12138.00
11-09-2025,TOUCH SAFE SURGICAL (S),SURAT,2221.00
11-09-2025,KAVYA DISTRIBUTORS (S),SURAT,3084.00
11-09-2025,JIGAR MEDICINES,SURAT,4256.00
11-09-2025,ROYAL PHARMACY(CNH),SURAT,840.00
11-09-2025,HANUMANT CLINIC,SURAT,1680.00
11-09-2025,KAMREJ SURGICAL AGENCY,SURAT,18454.00
11-09-2025,NAVKAR AGENCY,SURAT,29092.00
11-09-2025,TOUCH SAFE SURGICAL (S),SURAT,4526.00
12-09-2025,PAL DISTRIBUTORS,VYARA,10500.00
12-09-2025,ANJANI PHARMA,VALSAD,3136.00
12-09-2025,SAI MEDICAL STORE (NEW),SURAT,8064.00
12-09-2025,ORTHO SYSTEMS(S),SURAT,7347.00
12-09-2025,SPRAY DRYING AND CHEMICALS PVT LTD,BHARUCH,10384.00
12-09-2025,NAVKAR AGENCY,SURAT,12109.00
12-09-2025,HONEST SURGICAL & MEDICINES AGENCIES,SURAT,4620.00
12-09-2025,WELLRATE MEDICAL & SURGICAL,SURAT,2856.00
12-09-2025,SAI MEDICAL STORE (NEW),SURAT,5602.00
12-09-2025,SECURE HEALTH CARE,SURAT,3056.00
15-09-2025,JIGAR MEDICAL & SURGICAL AGENCY,SURAT,3472.00
15-09-2025,JAY AMBE TRADERS,SURAT,21504.00
15-09-2025,FIND LIFE PHARMACEUTICAL,SURAT,4099.00
15-09-2025,SHREE HARI SURGICAL,SURAT,1792.00
15-09-2025,SAI MEDICAL STORE (NEW),SURAT,1501.00
15-09-2025,ADVANCED PHARMACY,SURAT,1498.00
15-09-2025,NAVKAR AGENCY,SURAT,5563.00
15-09-2025,WELLRATE MEDICAL & SURGICAL,SURAT,12026.00
15-09-2025,HANUMANT CLINIC,SURAT,1159.00
15-09-2025,NAVKAR AGENCY,SURAT,13602.00
16-09-2025,SAI MEDICAL STORE (NEW),SURAT,4823.00
16-09-2025,JIGAR MEDICINES,SURAT,2554.00
16-09-2025,SAI PHARMA AND SURGICAL,NADED,38269.00
16-09-2025,SAI MEDICAL STORE (NEW),SURAT,4256.00
17-09-2025,TOUCH SAFE SURGICAL (S),SURAT,164020.00
17-09-2025,SWISS MEDICAL STORES,SURAT,4301.00
17-09-2025,NIDAN X-RAY & SONOGRAPHU,SURAT,3276.00
17-09-2025,KRISHNA SURGICAL S (VADODRA),VADODRA,28004.00
17-09-2025,SHREE MEDICAL AGENCY,SURAT,26544.00
17-09-2025,SIGMA SURGICAL,SURAT,3674.00
18-09-2025,K D PHARMA(NAVSARI),NAVSARI,31552.00
18-09-2025,SWISS MEDICAL STORES,SURAT,4301.00
18-09-2025,MAA CHANDRA PHARMA,SURAT,25088.00
18-09-2025,SHREE MEDICAL AGENCY,SURAT,3405.00
18-09-2025,SAI MEDICAL STORE (NEW),SURAT,1501.00
19-09-2025,TOUCH SAFE SURGICAL (S),SURAT,21773.00
19-09-2025,SAI PHARMA AND SURGICAL,NADED,395286.00
19-09-2025,FUSION DISTRIBTORS,SURAT,40858.00
19-09-2025,SAI MEDICAL STORE (NEW),SURAT,3227.00
20-09-2025,MANN PHARMA,SURAT,2150.00
20-09-2025,PRADHAN MANTRI BHARTIYA JANAUSHADHI KE(N,NAVSARI,6164.00
20-09-2025,TVISHA MEDICAL AND SURGICAL (BHAVNAGAR),BHAVNAGAR,30486.00
22-09-2025,HANUMANT CLINIC,SURAT,738.00
22-09-2025,VAHANVATI SURGICAL AGENCY,SURAT,2016.00
22-09-2025,ZOTA HEALTH CARE LTD,SURAT,168000.00
22-09-2025,AUM CLINICAL LABORATORY PANDESARA,SURAT,6338.00
22-09-2025,WELLRATE MEDICAL & SURGICAL,SURAT,18454.00
22-09-2025,KRISHNA CLINIC AND  NURSING HOME,SURAT,23625.00
22-09-2025,SAI MEDICAL STORE (NEW),SURAT,1262.00
22-09-2025,HANUMANT CLINIC,SURAT,512.00
22-09-2025,VAHANVATI SURGICAL AGENCY,SURAT,1811.00
22-09-2025,CLADVIQ PHARMACEUTICALS PVT LTD(S),AHEMEDABAD,10574.00
22-09-2025,FUSION DISTRIBTORS,SURAT,3192.00
22-09-2025,HONEST SURGICAL & MEDICINES AGENCIES,SURAT,11484.00
23-09-2025,WELLRATE MEDICAL & SURGICAL,SURAT,889.00
23-09-2025,WELLRATE MEDICAL & SURGICAL,SURAT,5670.00
23-09-2025,VARDHAMAN ENTERPRISE,VALSAD,43680.00
23-09-2025,HOUSE OF SURGICAL,HIMMATNAGR,38586.00
23-09-2025,VAHANVATI SURGICAL AGENCY,SURAT,5670.00
23-09-2025,HONEST SURGICAL & MEDICINES AGENCIES,SURAT,26617.00
23-09-2025,FUSION DISTRIBTORS,SURAT,6384.00
23-09-2025,WELLRATE MEDICAL & SURGICAL,SURAT,262.00
23-09-2025,VARDHAMAN ENTERPRISE,VALSAD,54897.00
24-09-2025,JAY AMBE TRADERS,SURAT,16800.00
24-09-2025,SWISS MEDICAL STORES,SURAT,3360.00
24-09-2025,JIGAR MEDICAL & SURGICAL AGENCY,SURAT,6412.00
24-09-2025,WELLRATE MEDICAL & SURGICAL,SURAT,13282.00
24-09-2025,WELLRATE MEDICAL & SURGICAL,SURAT,2079.00
24-09-2025,K D PHARMA(NAVSARI),NAVSARI,4833.00
24-09-2025,P G PHARMA,VALSAD,4620.00
24-09-2025,NAVKAR AGENCY,SURAT,10080.00
24-09-2025,SAI MEDICAL STORE (NEW),SURAT,21147.00
24-09-2025,WELLRATE MEDICAL & SURGICAL,SURAT,2284.00
24-09-2025,ENZYMES PHARMACEUTICALS,SURAT,248272.00
25-09-2025,SAI MEDICAL STORE (NEW),SURAT,8085.00
25-09-2025,MAA CHANDRA PHARMA,SURAT,4447.00
25-09-2025,ZOTA HEALTH CARE LTD,SURAT,442500.00
25-09-2025,NIRAMAY MEDICO,NAVSARI,4447.00
25-09-2025,SAI MEDICAL STORE (NEW),SURAT,1407.00
25-09-2025,KHUSHI MEDICAL AGENCY,SURAT,7951.00
25-09-2025,VARDHAMAN ENTERPRISE,VALSAD,54897.00
26-09-2025,ADVANCED PHARMACY,SURAT,578.00
26-09-2025,VINAYAK SALES AGENCY,SURAT,1275.00
26-09-2025,RELIEF MEDICAL &SURGICAL,VAPI,34394.00
27-09-2025,TOUCH SAFE SURGICAL (S),SURAT,2184.00
27-09-2025,KAMREJ SURGICAL AGENCY,SURAT,18106.00
27-09-2025,NITYAM SURGICAL AND COMPANY,SURAT,75096.00
27-09-2025,TVISHA SURGICAL,MAHUVA,17010.00
27-09-2025,TVISHA MEDICAL AND SURGICAL (BHAVNAGAR),BHAVNAGAR,17010.00
27-09-2025,KRISHANA SURGICAL AGENCY,JUNAGADH,4158.00
27-09-2025,WELLCARE DRUG DISTRIBUTORS (PALSAN),SURAT,1774.00
27-09-2025,SAI MEDICAL STORE (NEW),SURAT,15815.00
27-09-2025,TOUCH SAFE SURGICAL (S),SURAT,11663.00
27-09-2025,WELLRATE MEDICAL & SURGICAL,SURAT,1512.00
27-09-2025,VAHANVATI SURGICAL AGENCY,SURAT,1239.00
27-09-2025,SAI MEDICAL STORE (NEW),SURAT,2541.00
27-09-2025,U.K. PHARMA,BIDAR,332622.00
27-09-2025,KAMREJ SURGICAL AGENCY,SURAT,25872.00
27-09-2025,WELLCARE DRUG DISTRIBUTORS (PALSAN),SURAT,57745.00
27-09-2025,SAI MEDICAL STORE (NEW),SURAT,45627.00
27-09-2025,TOUCH SAFE SURGICAL (S),SURAT,2163.00
27-09-2025,WELLRATE MEDICAL & SURGICAL,SURAT,7009.00
27-09-2025,VAHANVATI SURGICAL AGENCY,SURAT,1208.00
29-09-2025,HANUMANT CLINIC,SURAT,480.00
29-09-2025,NAVKAR AGENCY,SURAT,10080.00
29-09-2025,VARDHAMAN ENTERPRISE,VALSAD,176400.00
29-09-2025,PARSHWA MEDICAL & SURGICAL,SURAT,4032.00
29-09-2025,ANJANI PHARMA,VALSAD,1116.00
29-09-2025,UNIQUE MEDICAL AGENCY,LUNAWADA,5486.00
29-09-2025,SURAT MUNICIPAL CORPORATION,SURAT,124215.00
29-09-2025,MAA CHANDRA PHARMA,SURAT,5040.00
29-09-2025,ZOTA HEALTH CARE LTD,SURAT,31500.00
29-09-2025,PRADHAN MANTRI BHARTIYA JANAUSHADHI KE(N,NAVSARI,9223.00
29-09-2025,NAVKAR AGENCY,SURAT,2113.00
29-09-2025,SUMANDEEP LIFE SCIENCES LLP,VADODRA,1650.00
30-09-2025,JAY AMBE TRADERS,SURAT,11682.00
30-09-2025,HARIOM SURGICARE,HIMMATNAGAR,18270.00
30-09-2025,VARDHAMAN ENTERPRISE,VALSAD,176400.00
01-10-2025,HONEST SURGICAL & MEDICINES AGENCIES,SURAT,93240.00
01-10-2025,GURUDEV ENTERPRISE,SURAT,31051.00
01-10-2025,HONEST SURGICAL & MEDICINES AGENCIES,SURAT,17706.00
02-10-2025,JIGAR MEDICAL & SURGICAL AGENCY,SURAT,13881.00
02-10-2025,HOSPITAL CARE,SURAT,13466.00
02-10-2025,WELLRATE MEDICAL & SURGICAL,SURAT,2284.00
03-10-2025,RELIEF MEDICAL &SURGICAL,VAPI,3906.00
03-10-2025,ORTHO SYSTEMS(S),SURAT,3906.00
03-10-2025,WELLRATE MEDICAL & SURGICAL,SURAT,2079.00
03-10-2025,HONEST SURGICAL & MEDICINES AGENCIES,SURAT,18880.00
03-10-2025,CHANDRA SURGICAL,VADODRA,3776.00
03-10-2025,VAHANVATI SURGICAL AGENCY,SURAT,4956.00
03-10-2025,NIRAMAY MEDICO,NAVSARI,8894.00
03-10-2025,PAVAN MEDICAL AGENCY(VAPI),VAPI,8894.00
03-10-2025,MAA CHANDRA PHARMA,SURAT,8894.00
03-10-2025,ZOTA HEALTH CARE LTD,SURAT,10749.00
03-10-2025,SURAT MUNICIPAL CORPORATION,SURAT,344988.00
03-10-2025,MITANSH SURGICAL,SURAT,3596.00
03-10-2025,SAI SURGICAL(NAVSARI),NAVSARI,9636.00
03-10-2025,APPLE MEDICINES,CHIKHLI,7939.00
03-10-2025,WELLRATE MEDICAL & SURGICAL,SURAT,8861.00
03-10-2025,CHANDRA SURGICAL,VADODRA,124950.00
03-10-2025,CHANDRA SURGICAL,VADODRA,125081.00
03-10-2025,HONEST SURGICAL & MEDICINES AGENCIES,SURAT,6843.00
03-10-2025,VAHANVATI SURGICAL AGENCY,SURAT,9660.00
03-10-2025,MITANSH SURGICAL,SURAT,1155.00
04-10-2025,MADHAV MEDICAL AGENCY,SURAT,2205.00
04-10-2025,SHREEJA MEDICAL AGENCY,VYARA,3906.00
04-10-2025,R.R. PHARMACY,SURAT,3570.00
04-10-2025,MEDIPLUS DISTRIBUTORS,ANKLESHWAR,6350.00
04-10-2025,PAL DISTRIBUTORS,VYARA,1669.00
04-10-2025,MADHAV MEDICAL AGENCY,SURAT,3806.00
04-10-2025,SHREEJA MEDICAL AGENCY,VYARA,30187.00
06-10-2025,VINAYAK SALES AGENCY,SURAT,2404.00
06-10-2025,PARSHWA MEDICAL & SURGICAL,SURAT,6048.00
06-10-2025,K D PHARMA(NAVSARI),NAVSARI,2368.00
07-10-2025,AUM CLINICAL LABORATORY PANDESARA,SURAT,7938.00
07-10-2025,AUM CLINICAL LABORATORY UDHNA,SURAT,7938.00
07-10-2025,JIGAR MEDICINES,SURAT,5933.00
07-10-2025,SHREENATHJI MEDICAL AGENCY,VAPI,5670.00
07-10-2025,THE PHARMA & SURGICAL,MORBI,19530.00
07-10-2025,NAVKAR AGENCY,SURAT,16800.00
07-10-2025,ANJANI PHARMA,VALSAD,8421.00
07-10-2025,KHUSHI MEDICAL AGENCY,SURAT,68040.00
07-10-2025,TOUCH SAFE SURGICAL (S),SURAT,7927.00
07-10-2025,ZOTA HEALTH CARE LTD,SURAT,19933.00
07-10-2025,HANUMANT CLINIC,SURAT,236.00
07-10-2025,TOUCH SAFE SURGICAL (S),SURAT,4599.00
08-10-2025,SWISS MEDICAL STORES,SURAT,6048.00
08-10-2025,TOUCH SAFE SURGICAL (S),SURAT,20412.00
08-10-2025,MITANSH SURGICAL,SURAT,3906.00
08-10-2025,WELLRATE MEDICAL & SURGICAL,SURAT,13099.00
09-10-2025,ORTHO SYSTEMS(S),SURAT,6888.00
09-10-2025,PARAM DISTRIBUTORS,SURAT,487.00
09-10-2025,PARAM DISTRIBUTORS,SURAT,3402.00
09-10-2025,PRADHAN MANTRI BHARTIYA JANAUSHADHI KE(N,NAVSARI,15479.00
09-10-2025,ZOTA HEALTH CARE LTD,SURAT,56700.00
09-10-2025,NAVKAR AGENCY,SURAT,5499.00
09-10-2025,HONEST SURGICAL & MEDICINES AGENCIES,SURAT,14595.00
09-10-2025,SRI SAI KRUPA AGENCIES,,404066.00
10-10-2025,JAANVI ENTERPRISE,VADODARA,11253.00
11-10-2025,UMA AGENCY,SURAT,2782.00
11-10-2025,UMA AGENCY,SURAT,3478.00
11-10-2025,SWISS MEDICAL STORES,SURAT,6048.00
11-10-2025,RELIEF MEDICAL &SURGICAL,VAPI,7812.00
11-10-2025,APPLE MEDICINES,CHIKHLI,8894.00
11-10-2025,WELLRATE MEDICAL & SURGICAL,SURAT,8894.00
11-10-2025,NIRAMAY MEDICO,NAVSARI,8894.00
11-10-2025,WELLCARE DRUG DISTRIBUTORS (PALSAN),SURAT,4190.00
11-10-2025,SAI SURGICAL(NAVSARI),NAVSARI,6458.00
11-10-2025,K D PHARMA(NAVSARI),NAVSARI,40290.00
11-10-2025,JIGAR MEDICAL & SURGICAL AGENCY,SURAT,9292.00
11-10-2025,WELLRATE MEDICAL & SURGICAL,SURAT,1788.00
13-10-2025,ROYAL PHARMACY(CNH),SURAT,9395.00
13-10-2025,AKSHAR DISTRIBUTORS(SURAT),SURAT,4447.00
13-10-2025,KAMREJ SURGICAL AGENCY,SURAT,11510.00
13-10-2025,ROYAL PHARMACY(CNH),SURAT,22221.00
13-10-2025,HONEST SURGICAL & MEDICINES AGENCIES,SURAT,42916.00
13-10-2025,HONEST SURGICAL & MEDICINES AGENCIES,SURAT,2488.00
13-10-2025,HONEST SURGICAL & MEDICINES AGENCIES,SURAT,27484.00
13-10-2025,KAMREJ SURGICAL AGENCY,SURAT,31910.00
13-10-2025,WELLRATE MEDICAL & SURGICAL,SURAT,14472.00
13-10-2025,ARADHANA SURGI-TECH,SURAT,722.00
13-10-2025,VAHANVATI SURGICAL AGENCY,SURAT,3019.00
13-10-2025,SAI MEDICAL STORE (NEW),SURAT,7497.00
14-10-2025,MAHAVIR PHARMA (NAVSARI),NAVSARI,21042.00
14-10-2025,TOUCH SAFE SURGICAL (S),SURAT,5469.00
14-10-2025,KRISHNA SURGICAL S (VADODRA),VADODRA,22504.00
14-10-2025,PARSHWA MEDICAL & SURGICAL,SURAT,6048.00
14-10-2025,JIGAR PHARMACY (NEW),SURAT,3465.00
14-10-2025,MAHAVIR PHARMA (NAVSARI),NAVSARI,3360.00
14-10-2025,HEALTHCARE PHARMA,NAVSARI,33441.00
14-10-2025,UDAY SURGIPHARMA,SURAT,1024.00
14-10-2025,WELLRATE MEDICAL & SURGICAL,SURAT,10836.00
14-10-2025,JIGAR MEDICINES,SURAT,3202.00
14-10-2025,NU VENTURE AGENCY,NAGPUR,355884.00
15-10-2025,UNIQUE MEDICAL AGENCY,LUNAWADA,2021.00
15-10-2025,SAI MEDICAL STORE (NEW),SURAT,9219.00
15-10-2025,JAYESH MEDICAL AGENCY (SURENDRANAGAR),SURENDRANAGAR,8820.00
15-10-2025,MAA CHANDRA PHARMA,SURAT,51568.00
15-10-2025,CHANDRA SURGICAL,VADODRA,7552.00
15-10-2025,SHREE MEDICAL AGENCY,SURAT,12600.00
15-10-2025,SAI MEDICAL STORE (NEW),SURAT,5750.00
15-10-2025,JAYESH MEDICAL AGENCY (SURENDRANAGAR),SURENDRANAGAR,7822.00
15-10-2025,MAHAVIR PHARMA (NAVSARI),NAVSARI,3084.00
16-10-2025,NITYAM SURGICAL AND COMPANY,SURAT,37548.00
16-10-2025,NITYAM SURGICAL AND COMPANY,SURAT,13388.00
16-10-2025,WELLRATE MEDICAL & SURGICAL,SURAT,4158.00
16-10-2025,NAVKAR AGENCY,SURAT,10080.00
16-10-2025,JAY AMBE TRADERS,SURAT,7788.00
16-10-2025,TIRUPATI SURGICAL PRIVATE LIMITED,AHEMEDABAD,47250.00
16-10-2025,ADVANCED PHARMACY,SURAT,3347.00
16-10-2025,WELLRATE MEDICAL & SURGICAL,SURAT,1785.00
16-10-2025,WELLCARE DRUG DISTRIBUTORS (PALSAN),SURAT,25746.00
16-10-2025,VAHANVATI SURGICAL AGENCY,SURAT,1208.00
17-10-2025,JAY AMBE TRADERS,SURAT,30240.00
17-10-2025,BHAVANI MEDICARE,SURAT,42525.00
17-10-2025,HANUMANT CLINIC,SURAT,640.00
17-10-2025,SHREE HARI SURGICAL,SURAT,1732.00
17-10-2025,K D PHARMA(NAVSARI),NAVSARI,3143.00
17-10-2025,SAI MEDICAL STORE (NEW),SURAT,1743.00
17-10-2025,TOUCH SAFE SURGICAL (S),SURAT,10206.00
17-10-2025,WELLRATE MEDICAL & SURGICAL,SURAT,2079.00
17-10-2025,ZOTA HEALTH CARE LTD,SURAT,47250.00
17-10-2025,SAI MEDICAL STORE (NEW),SURAT,11377.00
17-10-2025,GURUDEV ENTERPRISE,SURAT,16830.00
17-10-2025,HADRIANA PRIVAT LIMITED(S),SURAT,1838.00
17-10-2025,WELLRATE MEDICAL & SURGICAL,SURAT,15209.00
17-10-2025,NAVKAR AGENCY,SURAT,2639.00
18-10-2025,SHREEJA MEDICAL AGENCY,VYARA,3176.00
18-10-2025,JIGAR MEDICAL & SURGICAL AGENCY,SURAT,3150.00
18-10-2025,JIGAR MEDICAL & SURGICAL AGENCY,SURAT,1718.00
18-10-2025,K D PHARMA(NAVSARI),NAVSARI,4432.00
18-10-2025,SHREEJA MEDICAL AGENCY,VYARA,42000.00
18-10-2025,ARADHANA SURGI-TECH,SURAT,722.00
22-10-2025,JIGAR MEDICINES,SURAT,480.00
22-10-2025,JIGAR MEDICINES,SURAT,1969.00
28-10-2025,ORANGE PHARMACY,NAVSARI,15540.00
28-10-2025,ROYAL PHARMACY(CNH),SURAT,4084.00
28-10-2025,PARSHWA MEDICAL & SURGICAL,SURAT,8064.00
28-10-2025,ORTHO SYSTEMS(S),SURAT,3444.00
28-10-2025,OM SURGICAL BARDOLI,BARDOLI,6615.00
28-10-2025,SHREEJA MEDICAL AGENCY,VYARA,8925.00
28-10-2025,PRADHAN MANTRI BHARTIYA JANAUSHADHI KE(N,NAVSARI,6720.00
28-10-2025,MAA CHANDRA PHARMA,SURAT,5557.00
28-10-2025,SHREE SAMARTH VENTURES,VAPI,42834.00
28-10-2025,ARADHANA SURGI-TECH,SURAT,3906.00
28-10-2025,OM SURGICAL BARDOLI,BARDOLI,42608.00
29-10-2025,TOUCH SAFE SURGICAL (S),SURAT,21141.00
29-10-2025,P G PHARMA,VALSAD,5293.00
29-10-2025,ZOTA HEALTH CARE LTD,SURAT,43785.00
29-10-2025,ANJANI PHARMA,VALSAD,8925.00
29-10-2025,TOUCH SAFE SURGICAL (S),SURAT,2435.00
29-10-2025,HONEST SURGICAL & MEDICINES AGENCIES,SURAT,14089.00
29-10-2025,SAI PHARMA AND SURGICAL,NADED,339894.00
30-10-2025,MAA CHANDRA PHARMA,SURAT,4515.00
30-10-2025,HANUMANT CLINIC,SURAT,840.00
30-10-2025,HANUMANT CLINIC,SURAT,1087.00
30-10-2025,AUM CLINICAL LABORATORY PANDESARA,SURAT,7938.00
30-10-2025,ORANGE PHARMACY,NAVSARI,15540.00
30-10-2025,MAA CHANDRA PHARMA,SURAT,8400.00
31-10-2025,JIGAR MEDICINES,SURAT,2520.00
31-10-2025,MAA CHANDRA PHARMA,SURAT,6930.00
31-10-2025,MAHAVIR PHARMA (NAVSARI),NAVSARI,1361.00
31-10-2025,ASIAN DRUGS AND PHARMA,NAVSARI,6726.00
31-10-2025,UNIQUE MEDICAL AGENCY,LUNAWADA,4331.00
31-10-2025,HANUMANT CLINIC,SURAT,404.00
03-11-2025,TOUCH SAFE SURGICAL (S),SURAT,88200.00
03-11-2025,KAMREJ SURGICAL AGENCY,SURAT,9614.00
03-11-2025,APPLE MEDICINES,CHIKHLI,1588.00
03-11-2025,K D PHARMA(NAVSARI),NAVSARI,19914.00
03-11-2025,MADHUSUDAN AGENCY,VALSAD,22995.00
03-11-2025,KAMREJ SURGICAL AGENCY,SURAT,8069.00
03-11-2025,ARADHANA SURGI-TECH,SURAT,3822.00
03-11-2025,NU VENTURE AGENCY,NAGPUR,480796.00
04-11-2025,ORTHO SYSTEMS(S),SURAT,6888.00
04-11-2025,SHREEJA MEDICAL AGENCY,VYARA,3906.00
04-11-2025,TOUCH SAFE SURGICAL (S),SURAT,729.00
04-11-2025,JAY AMBE TRADERS,SURAT,13440.00
04-11-2025,NEXUS PHARMA,RAJKOT,7788.00
04-11-2025,RELIEF MEDICAL &SURGICAL,VAPI,34020.00
04-11-2025,HANUMANT CLINIC,SURAT,399.00
04-11-2025,SHREEJA MEDICAL AGENCY,VYARA,31106.00
04-11-2025,TOUCH SAFE SURGICAL (S),SURAT,3303.00
04-11-2025,SHREEJA MEDICAL AGENCY,VYARA,4331.00
04-11-2025,HANUMANT CLINIC,SURAT,575.00
05-11-2025,NITYAM SURGICAL AND COMPANY,SURAT,75096.00
05-11-2025,ORTHO SYSTEMS(S),SURAT,4489.00
05-11-2025,JIGAR MEDICAL & SURGICAL AGENCY,SURAT,714.00
05-11-2025,RUDRAKSH SURGICAL AND MEDICINE,SURAT,18290.00
05-11-2025,WELLRATE MEDICAL & SURGICAL,SURAT,26317.00
05-11-2025,JIGAR MEDICAL & SURGICAL AGENCY,SURAT,1732.00
06-11-2025,SHREE KRISHNA HEALTH CARE,SURAT,28350.00
06-11-2025,KRISHNA SURGICAL S (VADODRA),VADODRA,26506.00
06-11-2025,PARSHWA MEDICAL & SURGICAL,SURAT,6048.00
06-11-2025,PRADHAN MANTRI BHARTIYA JANAUSHADHI KE(N,NAVSARI,8722.00
06-11-2025,MAA CHANDRA PHARMA,SURAT,15592.00
06-11-2025,FORAM HEALTHCARE,SURAT,4410.00
06-11-2025,PRADHAN MANTRI BHARTIYA JANAUSHADHI KE(N,NAVSARI,961.00
07-11-2025,HOUSE OF SURGICAL,HIMMATNAGR,43896.00
07-11-2025,VIHAAN PHARMACY,SURAT,6694.00
08-11-2025,THE PHARMA & SURGICAL,MORBI,19530.00
08-11-2025,DAIVIK HEALTHCARE,SURAT,19404.00
08-11-2025,PARSHWA MEDICAL & SURGICAL,SURAT,2604.00
08-11-2025,RUDRAKSH SURGICAL AND MEDICINE,SURAT,10974.00
08-11-2025,UDAY SURGIPHARMA,SURAT,643.00
08-11-2025,WELLCARE DRUG DISTRIBUTORS (PALSAN),SURAT,13593.00
08-11-2025,OM SURGICAL BARDOLI,BARDOLI,38202.00
10-11-2025,JAY AMBE TRADERS,SURAT,7741.00
10-11-2025,MAKSON HEALTHCARE (SALE),SURAT,6804.00
10-11-2025,ORANGE PHARMACY,NAVSARI,23310.00
10-11-2025,VARDHAMAN ENTERPRISE,VALSAD,27014.00
10-11-2025,HONEST SURGICAL & MEDICINES AGENCIES,SURAT,8374.00
11-11-2025,TOUCH SAFE SURGICAL (S),SURAT,30450.00
11-11-2025,ZOTA HEALTH CARE LTD,SURAT,12663.00
11-11-2025,SHREE KRISHNA SURGICAL,SURAT,163800.00
11-11-2025,SWISS MEDICAL STORES,SURAT,6048.00
11-11-2025,HONEST SURGICAL & MEDICINES AGENCIES,SURAT,37986.00
11-11-2025,HONEST SURGICAL & MEDICINES AGENCIES,SURAT,3402.00
12-11-2025,JIGAR MEDICAL & SURGICAL AGENCY,SURAT,798.00
12-11-2025,JEEN SURGICAL,YAVATMAL,13440.00
12-11-2025,AEVIAS HEALTHCARE PRIVATE LTD,PATAN,92673.00
13-11-2025,JIGAR MEDICINES,SURAT,5082.00
13-11-2025,UNIQUE MEDICAL AGENCY,LUNAWADA,7359.00
13-11-2025,ZOTA HEALTH CARE LTD,SURAT,168000.00
13-11-2025,JIGAR MEDICINES,SURAT,756.00
14-11-2025,ZOTA HEALTH CARE LTD,SURAT,84000.00
14-11-2025,MAKSON HEALTHCARE (SALE),SURAT,7788.00
14-11-2025,JAY AMBE TRADERS,SURAT,28128.00
14-11-2025,HANSCURE LIESCIENCE PVT LTD,SURAT,2801.00
14-11-2025,SHREE SAMARTH VENTURES,VAPI,62304.00
14-11-2025,AUM CLINICAL LABORATORY PANDESARA,SURAT,7938.00
14-11-2025,K D PHARMA(NAVSARI),NAVSARI,9113.00
14-11-2025,ZOTA HEALTH CARE LTD,SURAT,56700.00
14-11-2025,UDAY SURGIPHARMA,SURAT,1181.00
15-11-2025,NAVKAR AGENCY,SURAT,8064.00
15-11-2025,PRADHAN MANTRI BHARTIYA JANAUSHADHI KE(N,NAVSARI,2789.00
15-11-2025,HANUMANT CLINIC,SURAT,118.00
15-11-2025,ORANGE PHARMACY,NAVSARI,15540.00
15-11-2025,KHUSHI MEDICAL AGENCY,SURAT,10269.00
15-11-2025,NAVKAR AGENCY,SURAT,514.00
17-11-2025,MEDIPLUS DISTRIBUTORS,ANKLESHWAR,6350.00
17-11-2025,ZOTA HEALTH CARE LTD,SURAT,9356.00
17-11-2025,SAI SURGICAL(NAVSARI),NAVSARI,12255.00
17-11-2025,SAI SURGICAL(NAVSARI),NAVSARI,6615.00
17-11-2025,MAHARSHI TRADERS,SURAT,7694.00
17-11-2025,ARADHANA SURGI-TECH,SURAT,1255.00
17-11-2025,ANJANI PHARMACARE PVTT LTD,VADODRA,4095.00
17-11-2025,SUMANDEEP LIFE SCIENCES LLP,VADODRA,222874.00
17-11-2025,CHANDRA SURGICAL,VADODRA,103294.00
17-11-2025,CHANDRA SURGICAL,VADODRA,77306.00
18-11-2025,MAKSON HEALTHCARE (SALE),SURAT,3402.00
18-11-2025,JAY AMBE TRADERS,SURAT,7788.00
18-11-2025,ANJANI PHARMA,VALSAD,8610.00
18-11-2025,K D PHARMA(NAVSARI),NAVSARI,5040.00
18-11-2025,TVISHA MEDICAL AND SURGICAL (BHAVNAGAR),BHAVNAGAR,20181.00
18-11-2025,TOUCH SAFE SURGICAL (S),SURAT,2163.00
19-11-2025,S.K.WEAVING PVT.LTD,SURAT,8054.00
19-11-2025,REMEDIO-ABH HEALTHCARE,SURAT,331.00
19-11-2025,KAMREJ SURGICAL AGENCY,SURAT,16041.00
19-11-2025,TOUCH SAFE SURGICAL (S),SURAT,1158.00
19-11-2025,HADRIANA PRIVAT LIMITED(S),SURAT,5145.00
19-11-2025,ZOTA HEALTH CARE LTD,SURAT,33600.00
19-11-2025,PARAM DISTRIBUTORS,SURAT,1858.00
19-11-2025,PARAM DISTRIBUTORS,SURAT,3360.00
19-11-2025,SAI SURGICAL(NAVSARI),NAVSARI,6352.00
19-11-2025,PAVAN MEDICAL AGENCY(VAPI),VAPI,8894.00
19-11-2025,GALAXY MEDICO (NEW) S,SURAT,6768.00
19-11-2025,KAMREJ SURGICAL AGENCY,SURAT,28128.00
20-11-2025,JIGAR MEDICINES,SURAT,2394.00
20-11-2025,SAI MEDICAL STORE (NEW),SURAT,13167.00
20-11-2025,MAA CHANDRA PHARMA,SURAT,18066.00
21-11-2025,PRADHAN MANTRI BHARTIYA JANAUSHADHI KE(N,NAVSARI,5594.00
21-11-2025,ORANGE PHARMACY,NAVSARI,15540.00
21-11-2025,TIRTH MEDICAL & SURGICAL (S),DAHANU,13608.00
21-11-2025,RELIEF MEDICAL &SURGICAL,VAPI,51030.00
21-11-2025,MAHAVIR PHARMA (NAVSARI),NAVSARI,34441.00
21-11-2025,PARSHWA MEDICAL & SURGICAL,SURAT,6048.00
21-11-2025,SHREE HARI SURGICAL,SURAT,1814.00
21-11-2025,PRADHAN MANTRI BHARTIYA JANAUSHADHI KE(N,NAVSARI,1874.00
24-11-2025,TOUCH SAFE SURGICAL (S),SURAT,2312.00
24-11-2025,WELLCARE DRUG DISTRIBUTORS (PALSAN),SURAT,640.00
24-11-2025,ARADHANA SURGI-TECH,SURAT,1953.00
24-11-2025,NU VENTURE AGENCY,NAGPUR,524930.00
24-11-2025,HONEST SURGICAL & MEDICINES AGENCIES,SURAT,52130.00
24-11-2025,ARADHANA SURGI-TECH,SURAT,22001.00
24-11-2025,WELLCARE DRUG DISTRIBUTORS (PALSAN),SURAT,40329.00
24-11-2025,WELLRATE MEDICAL & SURGICAL,SURAT,23701.00
24-11-2025,WELLRATE MEDICAL & SURGICAL,SURAT,12783.00
25-11-2025,THE PHARMA & SURGICAL,MORBI,8967.00
25-11-2025,HANUMANT CLINIC,SURAT,882.00
25-11-2025,MAHAVIR PHARMA (NAVSARI),NAVSARI,27216.00
25-11-2025,MAA CHANDRA PHARMA,SURAT,17787.00
25-11-2025,PAVAN MEDICAL AGENCY(VAPI),VAPI,8894.00
25-11-2025,HOSPITAL CARE,SURAT,3509.00
25-11-2025,WELLRATE MEDICAL & SURGICAL,SURAT,7565.00
25-11-2025,TOUCH SAFE SURGICAL (S),SURAT,10285.00
26-11-2025,JAANVI ENTERPRISE,VADODARA,16800.00
26-11-2025,APPLE MEDICINES,CHIKHLI,2142.00
26-11-2025,RAJMATI MEDICALS WHOLESALE(S),,252840.00
26-11-2025,SAI MEDICAL STORE (NEW),SURAT,2888.00
27-11-2025,JIGAR MEDICAL & SURGICAL AGENCY,SURAT,8894.00
27-11-2025,SHREENATHJI MEDICAL AGENCY,VAPI,5670.00
28-11-2025,TOUCH SAFE SURGICAL (S),SURAT,88200.00
28-11-2025,CLADVIQ PHARMACEUTICALS PVT LTD(S),AHEMEDABAD,8277.00
29-11-2025,K D PHARMA(NAVSARI),NAVSARI,13905.00
29-11-2025,UDAY SURGIPHARMA,SURAT,591.00
29-11-2025,SHREE MEDICAL AGENCY,SURAT,4788.00
01-12-2025,HONEST SURGICAL & MEDICINES AGENCIES,SURAT,55944.00
01-12-2025,ZOTA HEALTH CARE LTD,SURAT,77257.00
01-12-2025,ANJANI PHARMA,VALSAD,5189.00
01-12-2025,TOUCH SAFE SURGICAL (S),SURAT,1043.00
01-12-2025,MITANSH SURGICAL,SURAT,4893.00
01-12-2025,VARDHAMAN ENTERPRISE,VALSAD,65903.00
02-12-2025,SHREENATHJI MEDICAL AGENCY,VAPI,3780.00
02-12-2025,VASURA MEDICAL AGENCIES(S),SURAT,10290.00
02-12-2025,SUMANDEEP LIFE SCIENCES LLP,VADODRA,1521.00
03-12-2025,HONEST SURGICAL & MEDICINES AGENCIES,SURAT,11328.00
03-12-2025,VARDHAMAN ENTERPRISE,VALSAD,4432.00
03-12-2025,JIGAR MEDICINES,SURAT,6531.00
03-12-2025,JIGAR PHARMACY (NEW),SURAT,2777.00
03-12-2025,ARADHANA SURGI-TECH,SURAT,2940.00
03-12-2025,ADVANCED PHARMACY,SURAT,1404.00
03-12-2025,HONEST SURGICAL & MEDICINES AGENCIES,SURAT,7465.00
03-12-2025,TOUCH SAFE SURGICAL (S),SURAT,2163.00
03-12-2025,JIGAR MEDICINES,SURAT,2687.00
04-12-2025,NITYAM SURGICAL AND COMPANY,SURAT,28161.00
04-12-2025,RUDRAKSH SURGICAL AND MEDICINE,SURAT,43896.00
04-12-2025,SHANTI MEDICARE,SURAT,68040.00
04-12-2025,NAVKAR AGENCY,SURAT,10080.00
04-12-2025,NAVKAR AGENCY,SURAT,16800.00
04-12-2025,ZOTA HEALTH CARE LTD,SURAT,438075.00
04-12-2025,MAA CHANDRA PHARMA,SURAT,18438.00
04-12-2025,RELIEF MEDICAL &SURGICAL,VAPI,7812.00
04-12-2025,MADHAV MEDICAL AGENCY,SURAT,982.00
04-12-2025,SAI MEDICAL STORE (NEW),SURAT,4200.00
04-12-2025,A.R.MEDICO(SALE),SURAT,919.00
04-12-2025,MADHAV MEDICAL AGENCY,SURAT,3794.00
04-12-2025,KAVYA DISTRIBUTORS (S),SURAT,1722.00
05-12-2025,THE PHARMA & SURGICAL,MORBI,19404.00
05-12-2025,GURUDEV ENTERPRISE,SURAT,2310.00
05-12-2025,K D PHARMA(NAVSARI),NAVSARI,18696.00
05-12-2025,ZOTA HEALTH CARE LTD,SURAT,168000.00
05-12-2025,PARAM DISTRIBUTORS,SURAT,6720.00
05-12-2025,ZOTA HEALTH CARE LTD,SURAT,176400.00
05-12-2025,GURUDEV ENTERPRISE,SURAT,26618.00
06-12-2025,SWISS MEDICAL STORES,SURAT,6048.00
06-12-2025,SHREE HARI SURGICAL,SURAT,1732.00
08-12-2025,ARADHANA SURGI-TECH,SURAT,3906.00
08-12-2025,K D PHARMA(NAVSARI),NAVSARI,4435.00
08-12-2025,PARSHWA MEDICAL & SURGICAL,SURAT,6048.00
08-12-2025,ORANGE PHARMACY,NAVSARI,23310.00
08-12-2025,HONEST SURGICAL & MEDICINES AGENCIES,SURAT,38325.00
08-12-2025,WELLRATE MEDICAL & SURGICAL,SURAT,3664.00
09-12-2025,SAI SURGICAL(NAVSARI),NAVSARI,488.00
09-12-2025,VARDHAMAN ENTERPRISE,VALSAD,2079.00
09-12-2025,JAY AMBE TRADERS,SURAT,13134.00
09-12-2025,VASURA MEDICAL AGENCIES(S),SURAT,10290.00
09-12-2025,SHREE MEDICAL AGENCY,SURAT,27058.00
09-12-2025,PAN BIOSCIENCE,SURAT,11340.00
10-12-2025,HOUSE OF SURGICAL,HIMMATNAGR,33600.00
10-12-2025,NIDAN X-RAY & SONOGRAPHU,SURAT,3150.00
10-12-2025,P.D.PHARMA,SURAT,5460.00
10-12-2025,SHREEJA MEDICAL AGENCY,VYARA,25856.00
10-12-2025,AMBIKA MEDICAL SURGICAL(BILIMORA),BILIMORA,16023.00
10-12-2025,MITANSH SURGICAL,SURAT,8257.00
11-12-2025,WELLRATE MEDICAL & SURGICAL,SURAT,4359.00
11-12-2025,ZOTA HEALTH CARE LTD,SURAT,17010.00
11-12-2025,MANNA MEDICO(SHARDA HOSPITAL),SURAT,420.00
11-12-2025,ROYAL PHARMACY(CNH),SURAT,3452.00
11-12-2025,ZOTA HEALTH CARE LTD,SURAT,84000.00
11-12-2025,SWAMI ORTHO AIDS(S),AHEMEDABAD,1020.00
11-12-2025,K D PHARMA(NAVSARI),NAVSARI,19024.00
11-12-2025,WELLRATE MEDICAL & SURGICAL,SURAT,12665.00
11-12-2025,ELLYCON,SURAT,1202.00
11-12-2025,UDAY SURGIPHARMA,SURAT,591.00
11-12-2025,MANNA MEDICO(SHARDA HOSPITAL),SURAT,5684.00
12-12-2025,JAY KHODIYAR MEDICAL AGENCY,SURAT,6447.00
12-12-2025,KHUSHI MEDICAL AGENCY,SURAT,9334.00
12-12-2025,JIGAR MEDICAL & SURGICAL AGENCY,SURAT,1441.00
12-12-2025,JIGAR MEDICAL & SURGICAL AGENCY,SURAT,1260.00
12-12-2025,CHANDRA SURGICAL,VADODRA,10500.00
12-12-2025,CHANDRA SURGICAL,VADODRA,3776.00
12-12-2025,HONEST SURGICAL & MEDICINES AGENCIES,SURAT,13272.00
12-12-2025,SAI MEDICAL STORE (NEW),SURAT,4548.00
13-12-2025,BHAVANI MEDICARE,SURAT,34020.00
13-12-2025,JAYESH MEDICAL AGENCY (SURENDRANAGAR),SURENDRANAGAR,35280.00
13-12-2025,PARSHWA MEDICAL & SURGICAL,SURAT,8064.00
13-12-2025,KRISHNA SURGICAL S (VADODRA),VADODRA,2848.00
13-12-2025,ORANGE PHARMACY,NAVSARI,23310.00
13-12-2025,JAYESH MEDICAL AGENCY (SURENDRANAGAR),SURENDRANAGAR,15057.00
15-12-2025,SWISS MEDICAL STORES,SURAT,6048.00
15-12-2025,TVISHA MEDICAL AND SURGICAL (BHAVNAGAR),BHAVNAGAR,8505.00
15-12-2025,TVISHA SURGICAL,MAHUVA,17010.00
15-12-2025,VICTORIA MEDICAL CORPORATION,ANKLESHWAR,3704.00
15-12-2025,OM SURGICAL BARDOLI,BARDOLI,4158.00
15-12-2025,TVISHA MEDICAL AND SURGICAL (BHAVNAGAR),BHAVNAGAR,28581.00
15-12-2025,P.D.PHARMA,SURAT,8400.00
15-12-2025,OM SURGICAL BARDOLI,BARDOLI,53498.00
16-12-2025,CHANDRA SURGICAL,VADODRA,39900.00
16-12-2025,SHREENATHJI MEDICAL AGENCY,VAPI,4977.00
16-12-2025,MAHAVIR PHARMA (NAVSARI),NAVSARI,5292.00
16-12-2025,HEALTHCARE PHARMA,NAVSARI,4536.00
16-12-2025,HEALTHCARE PHARMA,NAVSARI,16455.00
17-12-2025,VICTORIA MEDICAL CORPORATION,ANKLESHWAR,9261.00
17-12-2025,MANIDHARI DISTRIBUTORS,NANDURBAR,2355.00
17-12-2025,KRISHNA SURGICAL S (VADODRA),VADODRA,7501.00
17-12-2025,HONEST SURGICAL & MEDICINES AGENCIES,SURAT,8696.00
17-12-2025,PARTH MEDICAL STORE (SHISHU HOSPITAL),SURAT,669.00
17-12-2025,OM SURGICAL BARDOLI,BARDOLI,976.00
17-12-2025,MANIDHARI DISTRIBUTORS,NANDURBAR,42525.00
18-12-2025,SHETNA SURGICAL,SURAT,17640.00
18-12-2025,PAN BIOSCIENCE,SURAT,798.00
18-12-2025,CHANDRA SURGICAL,VADODRA,252000.00
18-12-2025,SAI SURGICAL(NAVSARI),NAVSARI,7829.00
18-12-2025,PAN BIOSCIENCE,SURAT,8466.00
19-12-2025,MADHUSUDAN AGENCY,VALSAD,9135.00
19-12-2025,WELLCARE DRUG DISTRIBUTORS (PALSAN),SURAT,4935.00
19-12-2025,WELLRATE MEDICAL & SURGICAL,SURAT,346.00
19-12-2025,KRISHNA SURGICAL S (VADODRA),VADODRA,26506.00
19-12-2025,APPLE MEDICINES,CHIKHLI,7145.00
19-12-2025,SHREE HARI SURGICAL,SURAT,1974.00
19-12-2025,SWISS MEDICAL STORES,SURAT,1974.00
19-12-2025,KRISHNA CLINIC AND  NURSING HOME,SURAT,1969.00
19-12-2025,HONEST SURGICAL & MEDICINES AGENCIES,SURAT,38352.00
19-12-2025,WELLRATE MEDICAL & SURGICAL,SURAT,2284.00
19-12-2025,NU VENTURE AGENCY,NAGPUR,426359.00
19-12-2025,KRISHNA CLINIC AND  NURSING HOME,SURAT,2651.00
20-12-2025,NITYAM SURGICAL AND COMPANY,SURAT,50936.00
20-12-2025,NIRAMAY MEDICO,NAVSARI,8894.00
20-12-2025,CHANDRA SURGICAL,VADODRA,3776.00
20-12-2025,ORTHO SYSTEMS(S),SURAT,6888.00
20-12-2025,GALAXY MEDICO (NEW) S,SURAT,6636.00
20-12-2025,SURAT MUNICIPAL CORPORATION,SURAT,143325.00
20-12-2025,WELLRATE MEDICAL & SURGICAL,SURAT,5187.00
20-12-2025,DR RIDHAM,SURAT,367.00
22-12-2025,MAA CHANDRA PHARMA,SURAT,11681.00
22-12-2025,SAI MEDICAL STORE (NEW),SURAT,7560.00
22-12-2025,UMA AGENCY,SURAT,3339.00
22-12-2025,JAY KHODIYAR MEDICAL AGENCY,SURAT,2730.00
22-12-2025,RAGHAV MEDI STORE,SURAT,2415.00
22-12-2025,ROYAL PHARMACY(CNH),SURAT,3605.00
22-12-2025,VIHAAN PHARMACY,SURAT,7416.00
22-12-2025,ADVANCED PHARMACY,SURAT,696.00
23-12-2025,SHREE HARI SURGICAL,SURAT,2079.00
23-12-2025,MITANSH SURGICAL,SURAT,11944.00
23-12-2025,MANNA MEDICO(SHARDA HOSPITAL),SURAT,1203.00
23-12-2025,SAI MEDICAL STORE (NEW),SURAT,630.00
23-12-2025,SHREE HARI SURGICAL,SURAT,706.00
24-12-2025,SAI MEDICAL STORE (NEW),SURAT,1732.00
24-12-2025,ARADHANA SURGI-TECH,SURAT,3906.00
24-12-2025,SAI SURGICAL(NAVSARI),NAVSARI,11025.00
24-12-2025,HONEST SURGICAL & MEDICINES AGENCIES,SURAT,26084.00
24-12-2025,P.D.PHARMA,SURAT,1890.00
24-12-2025,UDAY SURGIPHARMA,SURAT,591.00
25-12-2025,TOUCH SAFE SURGICAL (S),SURAT,2186.00
25-12-2025,RUDRAKSH SURGICAL AND MEDICINE,SURAT,54870.00
25-12-2025,WELLRATE MEDICAL & SURGICAL,SURAT,606.00
25-12-2025,KHUSHI MEDICAL AGENCY,SURAT,51030.00
25-12-2025,WELLRATE MEDICAL & SURGICAL,SURAT,11974.00
25-12-2025,HEALTH CARE PHARMA(DONDAICHA),DHULE,227531.00
25-12-2025,TOUCH SAFE SURGICAL (S),SURAT,9669.00
25-12-2025,KHUSHI MEDICAL AGENCY,SURAT,1887.00
26-12-2025,JIGAR MEDICINES,SURAT,9954.00
26-12-2025,VICTORIA MEDICAL CORPORATION,ANKLESHWAR,9261.00
26-12-2025,SWISS MEDICAL STORES,SURAT,4032.00
26-12-2025,SHREE HARI SURGICAL,SURAT,1680.00
26-12-2025,EKTA SURGICALS,ANAND,9135.00
26-12-2025,NAARI HOSPITAL,SURAT,184.00
27-12-2025,KAVYA DISTRIBUTORS (S),SURAT,7056.00
27-12-2025,GURUDEV ENTERPRISE,SURAT,3780.00
27-12-2025,MAHAVIR PHARMA (NAVSARI),NAVSARI,4452.00
27-12-2025,SHREENATHJI MEDICAL AGENCY,VAPI,3780.00
27-12-2025,MADHUSUDAN AGENCY,VALSAD,38850.00
27-12-2025,PAN BIOSCIENCE,SURAT,2432.00
27-12-2025,HANUMANT CLINIC,SURAT,840.00
27-12-2025,HANUMANT CLINIC,SURAT,1312.00
27-12-2025,ADVANCED PHARMACY,SURAT,2651.00
27-12-2025,WELLRATE MEDICAL & SURGICAL,SURAT,214.00
27-12-2025,PAN BIOSCIENCE,SURAT,8321.00
29-12-2025,JIGAR PHARMACY (NEW),SURAT,2142.00
29-12-2025,MAA CHANDRA PHARMA,SURAT,13944.00
29-12-2025,REMEDIO-ABH HEALTHCARE,SURAT,6340.00
29-12-2025,SAI MEDICAL STORE (NEW),SURAT,2100.00
29-12-2025,SHREE SAMARTH VENTURES,VAPI,7788.00
29-12-2025,PARAM DISTRIBUTORS,SURAT,358.00
29-12-2025,PARAM DISTRIBUTORS,SURAT,3360.00
29-12-2025,WELLRATE MEDICAL & SURGICAL,SURAT,2284.00
29-12-2025,ARADHANA SURGI-TECH,SURAT,2074.00
30-12-2025,UDAY SURGIPHARMA,SURAT,1181.00
30-12-2025,U.K. PHARMA,BIDAR,335179.00
31-12-2025,PRADHAN MANTRI BHARTIYA JANAUSHADHI KE(N,NAVSARI,5594.00
31-12-2025,DAIVIK HEALTHCARE,SURAT,24255.00
31-12-2025,HONEST SURGICAL & MEDICINES AGENCIES,SURAT,23512.00
31-12-2025,SHREE MEDICAL AGENCY,SURAT,15960.00
31-12-2025,P.D.PHARMA,SURAT,10080.00
01-01-2026,SURAT MUNICIPAL CORPORATION,SURAT,862470.00
01-01-2026,KAMREJ SURGICAL AGENCY(NEW),SURAT,2457.00
01-01-2026,ORTHO SYSTEMS(S),SURAT,6888.00
01-01-2026,ANJANI PHARMA,VALSAD,17888.00
01-01-2026,AUM CLINICAL LABORATORY PANDESARA,SURAT,7938.00
01-01-2026,AUM CLINICAL LABORATORY UDHNA,SURAT,7938.00
01-01-2026,SAI MEDICAL STORE (NEW),SURAT,23026.00
01-01-2026,JIGAR MEDICINES,SURAT,3402.00
01-01-2026,NITYAM SURGICAL AND COMPANY,SURAT,75096.00
01-01-2026,KHUSHI MEDICAL AGENCY,SURAT,8844.00
01-01-2026,PAL DISTRIBUTORS,VYARA,3150.00
01-01-2026,HONEST SURGICAL & MEDICINES AGENCIES,SURAT,15769.00
01-01-2026,MANNA MEDICO(SHARDA HOSPITAL),SURAT,373.00
01-01-2026,KAMREJ SURGICAL AGENCY(NEW),SURAT,27465.00
02-01-2026,MAHAVIR PHARMA (NAVSARI),NAVSARI,26460.00
02-01-2026,KINAL ENTERPRISE,NAVSARI,6804.00
02-01-2026,P.D.PHARMA,SURAT,5250.00
02-01-2026,GURUDEV ENTERPRISE,SURAT,2709.00
02-01-2026,ARADHANA SURGI-TECH,SURAT,1732.00
02-01-2026,MAHAVIR PHARMA (NAVSARI),NAVSARI,6678.00
02-01-2026,GURUDEV ENTERPRISE,SURAT,7262.00
03-01-2026,VICTORIA MEDICAL CORPORATION,ANKLESHWAR,9261.00
03-01-2026,WELLRATE MEDICAL & SURGICAL,SURAT,976.00
03-01-2026,REMEDIO-ABH HEALTHCARE,SURAT,998.00
03-01-2026,BHAVANI MEDICARE,SURAT,34020.00
03-01-2026,ORANGE PHARMACY,NAVSARI,23310.00
03-01-2026,ZOTA HEALTH CARE LTD,SURAT,25515.00
03-01-2026,PRADHAN MANTRI BHARTIYA JANAUSHADHI KE(N,NAVSARI,3360.00
03-01-2026,SAI MEDICAL STORE (NEW),SURAT,1218.00
03-01-2026,WELLRATE MEDICAL & SURGICAL,SURAT,5948.00
03-01-2026,PAN BIOSCIENCE,SURAT,10290.00
